Patchnummer,Patchdatum,Typ,Champion
4.8,23.05.2014,Champion,blitzcrank
4.8,23.05.2014,Champion,chogath
4.8,23.05.2014,Champion,khazix
4.8,23.05.2014,Champion,malzahar
4.8,23.05.2014,Champion,pantheon
4.8,23.05.2014,Champion,soraka
4.8,23.05.2014,Champion,udyr
4.8,23.05.2014,Champion,nami
4.8,23.05.2014,Champion,sejuani
4.8,23.05.2014,Skins,lissandra
4.8,23.05.2014,Skins,nami
4.9,09.06.2014,Champion,braum
4.9,09.06.2014,Champion,kassadin
4.9,09.06.2014,Champion,khazix
4.9,09.06.2014,Champion,pantheon
4.9,09.06.2014,Champion,rengar
4.9,09.06.2014,Champion,rumble
4.9,09.06.2014,Champion,soraka
4.9,09.06.2014,Champion,elise
4.9,09.06.2014,Champion,volibear
4.9,09.06.2014,Skins,quinn
4.10,20.06.2014,Champion,nidalee
4.10,20.06.2014,Champion,skarner
4.10,20.06.2014,Champion,galio
4.10,20.06.2014,Champion,gragas
4.10,20.06.2014,Champion,karthus
4.10,20.06.2014,Champion,leblanc
4.10,20.06.2014,Champion,lucian
4.10,20.06.2014,Champion,pantheon
4.10,20.06.2014,Champion,sivir
4.10,20.06.2014,Champion,thresh
4.10,20.06.2014,Champion,tristana
4.10,20.06.2014,Champion,tryndamere
4.10,20.06.2014,Champion,twitch
4.10,20.06.2014,Champion,zed
4.10,20.06.2014,Skins,alistar
4.10,20.06.2014,Skins,gragas
4.10,20.06.2014,Skins,lucian
4.10,20.06.2014,Skins,maokai
4.10,20.06.2014,Skins,twistedfate
4.10,20.06.2014,Skins,draven
4.11,05.07.2014,Champion,braum
4.11,05.07.2014,Champion,heimerdinger
4.11,05.07.2014,Champion,jax
4.11,05.07.2014,Champion,karthus
4.11,05.07.2014,Champion,kayle
4.11,05.07.2014,Champion,lucian
4.11,05.07.2014,Champion,maokai
4.11,05.07.2014,Champion,nautilus
4.11,05.07.2014,Champion,nidalee
4.11,05.07.2014,Champion,rengar
4.11,05.07.2014,Champion,skarner
4.11,05.07.2014,Champion,vladimir
4.11,05.07.2014,Champion,yasuo
4.11,05.07.2014,Champion,zac
4.11,05.07.2014,Champion,ziggs
4.11,05.07.2014,Skins,heimerdinger
4.11,05.07.2014,Skins,vladimir
4.12,23.07.2014,Champion,ahri
4.12,23.07.2014,Champion,alistar
4.12,23.07.2014,Champion,caitlyn
4.12,23.07.2014,Champion,ezreal
4.12,23.07.2014,Champion,garen
4.12,23.07.2014,Champion,kassadin
4.12,23.07.2014,Champion,khazix
4.12,23.07.2014,Champion,lucian
4.12,23.07.2014,Champion,nautilus
4.12,23.07.2014,Champion,quinn
4.12,23.07.2014,Champion,rengar
4.12,23.07.2014,Champion,velkoz
4.12,23.07.2014,Champion,yasuo
4.12,23.07.2014,Champion,ziggs
4.12,23.07.2014,Skins,aatrox
4.12,23.07.2014,Skins,malphite
4.13,04.08.2014,Champion,elise
4.13,04.08.2014,Champion,evelynn
4.13,04.08.2014,Champion,gragas
4.13,04.08.2014,Champion,hecarim
4.13,04.08.2014,Champion,jax
4.13,04.08.2014,Champion,leesin
4.13,04.08.2014,Champion,olaf
4.13,04.08.2014,Champion,shen
4.13,04.08.2014,Champion,shyvana
4.13,04.08.2014,Champion,kayle
4.13,04.08.2014,Champion,leblanc
4.13,04.08.2014,Champion,lissandra
4.13,04.08.2014,Champion,lulu
4.13,04.08.2014,Champion,lux
4.13,04.08.2014,Champion,velkoz
4.13,04.08.2014,Champion,yasuo
4.13,04.08.2014,Champion,ziggs
4.13,04.08.2014,Champion,zilean
4.13,04.08.2014,Champion,graves
4.13,04.08.2014,Champion,jinx
4.13,04.08.2014,Champion,kogmaw
4.13,04.08.2014,Champion,lucian
4.13,04.08.2014,Champion,sivir
4.13,04.08.2014,Champion,tristana
4.13,04.08.2014,Champion,varus
4.13,04.08.2014,Champion,vayne
4.13,04.08.2014,Champion,sona
4.13,04.08.2014,Champion,braum
4.13,04.08.2014,Champion,janna
4.13,04.08.2014,Champion,nami
4.13,04.08.2014,Champion,thresh
4.13,04.08.2014,Skins,ezreal
4.13,04.08.2014,Skins,vi
4.14,14.08.2014,Champion,corki
4.14,14.08.2014,Champion,gragas
4.14,14.08.2014,Champion,kassadin
4.14,14.08.2014,Champion,kogmaw
4.14,14.08.2014,Champion,lulu
4.14,14.08.2014,Champion,maokai
4.14,14.08.2014,Champion,morgana
4.14,14.08.2014,Champion,orianna
4.14,14.08.2014,Champion,rengar
4.14,14.08.2014,Champion,syndra
4.14,14.08.2014,Champion,thresh
4.14,14.08.2014,Champion,xerath
4.14,14.08.2014,Champion,zed
4.14,14.08.2014,Skins,gnar
4.14,14.08.2014,Skins,missfortune
4.14,14.08.2014,Skins,kayle
4.15,27.08.2014,Champion,alistar
4.15,27.08.2014,Champion,caitlyn
4.15,27.08.2014,Champion,fiddlesticks
4.15,27.08.2014,Champion,graves
4.15,27.08.2014,Champion,gnar
4.15,27.08.2014,Champion,leesin
4.15,27.08.2014,Champion,rumble
4.15,27.08.2014,Champion,shyvana
4.15,27.08.2014,Champion,sivir
4.15,27.08.2014,Champion,twistedfate
4.15,27.08.2014,Champion,urgot
4.15,27.08.2014,Champion,xerath
4.15,27.08.2014,Skins,veigar
4.15,27.08.2014,Skins,yasuo
4.15,27.08.2014,Skins,caitlyn
4.16,15.09.2014,Champion,azir
4.16,15.09.2014,Champion,cassiopeia
4.16,15.09.2014,Champion,renekton
4.16,15.09.2014,Champion,brand
4.16,15.09.2014,Champion,corki
4.16,15.09.2014,Champion,gnar
4.16,15.09.2014,Champion,irelia
4.16,15.09.2014,Champion,poppy
4.16,15.09.2014,Champion,shen
4.16,15.09.2014,Champion,varus
4.16,15.09.2014,Champion,vayne
4.16,15.09.2014,Champion,vladimir
4.16,15.09.2014,Champion,zilean
4.16,15.09.2014,Skins,azir
4.16,15.09.2014,Skins,khazix
4.17,30.09.2014,Champion,viktor
4.17,30.09.2014,Champion,soraka
4.17,30.09.2014,Champion,cassiopeia
4.17,30.09.2014,Champion,ezreal
4.17,30.09.2014,Champion,garen
4.17,30.09.2014,Champion,heimerdinger
4.17,30.09.2014,Champion,karma
4.17,30.09.2014,Champion,leblanc
4.17,30.09.2014,Champion,maokai
4.17,30.09.2014,Champion,missfortune
4.17,30.09.2014,Champion,nautilus
4.17,30.09.2014,Champion,nidalee
4.17,30.09.2014,Champion,rammus
4.17,30.09.2014,Champion,sona
4.17,30.09.2014,Champion,talon
4.17,30.09.2014,Champion,tristana
4.17,30.09.2014,Champion,yasuo
4.17,30.09.2014,Champion,zilean
4.17,30.09.2014,Skins,corki
4.17,30.09.2014,Skins,gragas
4.17,30.09.2014,Skins,janna
4.17,30.09.2014,Skins,jarvaniv
4.17,30.09.2014,Skins,karthus
4.17,30.09.2014,Skins,karma
4.18,14.10.2014,Champion,sion
4.18,14.10.2014,Champion,akali
4.18,14.10.2014,Champion,anivia
4.18,14.10.2014,Champion,azir
4.18,14.10.2014,Champion,ezreal
4.18,14.10.2014,Champion,gangplank
4.18,14.10.2014,Champion,khazix
4.18,14.10.2014,Champion,lucian
4.18,14.10.2014,Champion,nunu
4.18,14.10.2014,Champion,talon
4.18,14.10.2014,Champion,tristana
4.18,14.10.2014,Champion,viktor
4.18,14.10.2014,Champion,wukong
4.18,14.10.2014,Champion,yasuo
4.18,14.10.2014,Skins,darius
4.18,14.10.2014,Skins,shyvana
4.18,14.10.2014,Skins,leblanc
4.18,14.10.2014,Skins,wukong
4.19,07.11.2014,Champion,singed
4.19,07.11.2014,Champion,sion
4.19,07.11.2014,Champion,anivia
4.19,07.11.2014,Champion,azir
4.19,07.11.2014,Champion,fiddlesticks
4.19,07.11.2014,Champion,janna
4.19,07.11.2014,Champion,leblanc
4.19,07.11.2014,Champion,lucian
4.19,07.11.2014,Champion,pantheon
4.19,07.11.2014,Champion,ryze
4.19,07.11.2014,Champion,vi
4.19,07.11.2014,Champion,warwick
4.19,07.11.2014,Champion,zilean
4.19,07.11.2014,Skins,morgana
4.19,07.11.2014,Skins,soraka
4.20,21.11.2014,Champion,kalista
4.20,21.11.2014,Champion,maokai
4.20,21.11.2014,Champion,azir
4.20,21.11.2014,Champion,amumu
4.20,21.11.2014,Champion,evelynn
4.20,21.11.2014,Champion,fiora
4.20,21.11.2014,Champion,gnar
4.20,21.11.2014,Champion,heimerdinger
4.20,21.11.2014,Champion,katarina
4.20,21.11.2014,Champion,khazix
4.20,21.11.2014,Champion,leesin
4.20,21.11.2014,Champion,rammus
4.20,21.11.2014,Champion,sion
4.20,21.11.2014,Champion,sona
4.20,21.11.2014,Champion,soraka
4.20,21.11.2014,Champion,warwick
4.20,21.11.2014,Skins,trundle
4.20,21.11.2014,Skins,volibear
4.20,21.11.2014,Skins,evelynn
4.20,21.11.2014,Skins,twitch
4.20,21.11.2014,Skins,skarner
4.20,21.11.2014,Skins,kogmaw
4.20,21.11.2014,Skins,kalista
4.21,12.12.2014,Champion,reksai
4.21,12.12.2014,Champion,azir
4.21,12.12.2014,Champion,cassiopeia
4.21,12.12.2014,Champion,chogath
4.21,12.12.2014,Champion,corki
4.21,12.12.2014,Champion,diana
4.21,12.12.2014,Champion,fiddlesticks
4.21,12.12.2014,Champion,galio
4.21,12.12.2014,Champion,jarvaniv
4.21,12.12.2014,Champion,jax
4.21,12.12.2014,Champion,jayce
4.21,12.12.2014,Champion,jinx
4.21,12.12.2014,Champion,kalista
4.21,12.12.2014,Champion,kennen
4.21,12.12.2014,Champion,lucian
4.21,12.12.2014,Champion,nocturne
4.21,12.12.2014,Champion,pantheon
4.21,12.12.2014,Champion,rengar
4.21,12.12.2014,Champion,sejuani
4.21,12.12.2014,Champion,shen
4.21,12.12.2014,Champion,shyvana
4.21,12.12.2014,Champion,soraka
4.21,12.12.2014,Champion,varus
4.21,12.12.2014,Champion,warwick
4.21,12.12.2014,Champion,yasuo
4.21,12.12.2014,Champion,zac
4.21,12.12.2014,Skins,reksai
4.21,12.12.2014,Skins,elise
4.21,12.12.2014,Skins,thresh
4.21,12.12.2014,Skins,malzahar
4.21,12.12.2014,Skins,orianna
4.21,12.12.2014,Skins,sejuani
5.1,17.01.2015,Champion,alistar
5.1,17.01.2015,Champion,ahri
5.1,17.01.2015,Champion,azir
5.1,17.01.2015,Champion,corki
5.1,17.01.2015,Champion,elise
5.1,17.01.2015,Champion,evelynn
5.1,17.01.2015,Champion,fizz
5.1,17.01.2015,Champion,gnar
5.1,17.01.2015,Champion,hecarim
5.1,17.01.2015,Champion,janna
5.1,17.01.2015,Champion,jayce
5.1,17.01.2015,Champion,kalista
5.1,17.01.2015,Champion,nautilus
5.1,17.01.2015,Champion,reksai
5.1,17.01.2015,Champion,renekton
5.1,17.01.2015,Champion,rumble
5.1,17.01.2015,Champion,sion
5.1,17.01.2015,Champion,skarner
5.1,17.01.2015,Champion,sona
5.1,17.01.2015,Champion,syndra
5.1,17.01.2015,Champion,xerath
5.1,17.01.2015,Champion,zed
5.1,17.01.2015,Skins,ahri
5.1,17.01.2015,Skins,braum
5.2,06.03.2015,Champion,tristana
5.2,06.03.2015,Champion,ahri
5.2,06.03.2015,Champion,akali
5.2,06.03.2015,Champion,annie
5.2,06.03.2015,Champion,azir
5.2,06.03.2015,Champion,cassiopeia
5.2,06.03.2015,Champion,fizz
5.2,06.03.2015,Champion,khazix
5.2,06.03.2015,Champion,nidalee
5.2,06.03.2015,Champion,reksai
5.2,06.03.2015,Champion,sejuani
5.2,06.03.2015,Champion,syndra
5.2,06.03.2015,Champion,zed
5.2,06.03.2015,Skins,velkoz
5.2,06.03.2015,Skins,katarina
5.2,06.03.2015,Skins,nidalee
5.2,06.03.2015,Skins,jinx
5.3,18.02.2015,Champion,ahri
5.3,18.02.2015,Champion,azir
5.3,18.02.2015,Champion,diana
5.3,18.02.2015,Champion,fiddlesticks
5.3,18.02.2015,Champion,gnar
5.3,18.02.2015,Champion,gragas
5.3,18.02.2015,Champion,kassadin
5.3,18.02.2015,Champion,katarina
5.3,18.02.2015,Champion,kennen
5.3,18.02.2015,Champion,nidalee
5.3,18.02.2015,Champion,twistedfate
5.3,18.02.2015,Champion,varus
5.3,18.02.2015,Champion,zyra
5.3,18.02.2015,Skins,annie
5.3,18.02.2015,Skins,varus
5.3,18.02.2015,Skins,sivir
5.3,18.02.2015,Skins,nautilus
5.3,18.02.2015,Skins,ashe
5.3,18.02.2015,Skins,warwick
5.4,26.02.2015,Champion,azir
5.4,26.02.2015,Champion,janna
5.4,26.02.2015,Champion,jarvaniv
5.4,26.02.2015,Champion,kalista
5.4,26.02.2015,Champion,kassadin
5.4,26.02.2015,Champion,katarina
5.4,26.02.2015,Champion,lissandra
5.4,26.02.2015,Champion,mordekaiser
5.4,26.02.2015,Champion,rengar
5.4,26.02.2015,Champion,syndra
5.4,26.02.2015,Champion,veigar
5.4,26.02.2015,Champion,xerath
5.4,26.02.2015,Champion,zilean
5.4,26.02.2015,Skins,sona
5.5,17.03.2015,Champion,bard
5.5,17.03.2015,Champion,azir
5.5,17.03.2015,Champion,gangplank
5.5,17.03.2015,Champion,gragas
5.5,17.03.2015,Champion,karma
5.5,17.03.2015,Champion,karthus
5.5,17.03.2015,Champion,kassadin
5.5,17.03.2015,Champion,lissandra
5.5,17.03.2015,Champion,nautilus
5.5,17.03.2015,Champion,nidalee
5.5,17.03.2015,Champion,reksai
5.5,17.03.2015,Champion,shyvana
5.5,17.03.2015,Champion,singed
5.5,17.03.2015,Champion,sion
5.5,17.03.2015,Champion,skarner
5.5,17.03.2015,Champion,sona
5.5,17.03.2015,Champion,soraka
5.5,17.03.2015,Champion,tristana
5.5,17.03.2015,Champion,trundle
5.5,17.03.2015,Champion,urgot
5.5,17.03.2015,Champion,varus
5.5,17.03.2015,Champion,veigar
5.5,17.03.2015,Skins,bard
5.5,17.03.2015,Skins,akali
5.5,17.03.2015,Skins,xinzhao
5.6,31.03.2015,Champion,aatrox
5.6,31.03.2015,Champion,amumu
5.6,31.03.2015,Champion,annie
5.6,31.03.2015,Champion,bard
5.6,31.03.2015,Champion,cassiopeia
5.6,31.03.2015,Champion,elise
5.6,31.03.2015,Champion,evelynn
5.6,31.03.2015,Champion,galio
5.6,31.03.2015,Champion,irelia
5.6,31.03.2015,Champion,katarina
5.6,31.03.2015,Champion,karthus
5.6,31.03.2015,Champion,leblanc
5.6,31.03.2015,Champion,lux
5.6,31.03.2015,Champion,nidalee
5.6,31.03.2015,Champion,nocturne
5.6,31.03.2015,Champion,quinn
5.6,31.03.2015,Champion,rammus
5.6,31.03.2015,Champion,ryze
5.6,31.03.2015,Champion,sejuani
5.6,31.03.2015,Champion,singed
5.6,31.03.2015,Champion,sion
5.6,31.03.2015,Champion,twitch
5.6,31.03.2015,Champion,veigar
5.6,31.03.2015,Champion,velkoz
5.6,31.03.2015,Champion,yorick
5.6,31.03.2015,Champion,ziggs
5.6,31.03.2015,Champion,zilean
5.7,21.04.2015,Champion,bard
5.7,21.04.2015,Champion,blitzcrank
5.7,21.04.2015,Champion,darius
5.7,21.04.2015,Champion,evelynn
5.7,21.04.2015,Champion,fizz
5.7,21.04.2015,Champion,garen
5.7,21.04.2015,Champion,hecarim
5.7,21.04.2015,Champion,kassadin
5.7,21.04.2015,Champion,maokai
5.7,21.04.2015,Champion,morgana
5.7,21.04.2015,Champion,nidalee
5.7,21.04.2015,Champion,quinn
5.7,21.04.2015,Champion,reksai
5.7,21.04.2015,Champion,shen
5.7,21.04.2015,Champion,singed
5.7,21.04.2015,Champion,teemo
5.7,21.04.2015,Champion,tristana
5.7,21.04.2015,Skins,teemo
5.7,21.04.2015,Skins,vayne
5.7,21.04.2015,Skins,galio
5.7,21.04.2015,Skins,rammus
5.7,21.04.2015,Skins,skarner
5.7,21.04.2015,Skins,xerath
5.8,03.05.2015,Champion,ryze
5.8,03.05.2015,Champion,ahri
5.8,03.05.2015,Champion,bard
5.8,03.05.2015,Champion,blitzcrank
5.8,03.05.2015,Champion,caitlyn
5.8,03.05.2015,Champion,drmundo
5.8,03.05.2015,Champion,graves
5.8,03.05.2015,Champion,jinx
5.8,03.05.2015,Champion,khazix
5.8,03.05.2015,Champion,mordekaiser
5.8,03.05.2015,Champion,nunu
5.8,03.05.2015,Champion,pantheon
5.8,03.05.2015,Champion,shen
5.8,03.05.2015,Champion,sion
5.8,03.05.2015,Champion,twitch
5.8,03.05.2015,Champion,warwick
5.8,03.05.2015,Champion,xerath
5.8,03.05.2015,Champion,yasuo
5.8,03.05.2015,Skins,fiddlesticks
5.8,03.05.2015,Skins,zilean
5.8,03.05.2015,Skins,jayce
5.8,03.05.2015,Skins,ziggs
5.9,22.05.2015,Champion,ashe
5.9,22.05.2015,Champion,akali
5.9,22.05.2015,Champion,annie
5.9,22.05.2015,Champion,hecarim
5.9,22.05.2015,Champion,kalista
5.9,22.05.2015,Champion,morgana
5.9,22.05.2015,Champion,nasus
5.9,22.05.2015,Champion,nocturne
5.9,22.05.2015,Champion,olaf
5.9,22.05.2015,Champion,renekton
5.9,22.05.2015,Champion,riven
5.9,22.05.2015,Champion,ryze
5.9,22.05.2015,Champion,tristana
5.9,22.05.2015,Champion,trundle
5.9,22.05.2015,Champion,xinzhao
5.9,22.05.2015,Champion,zed
5.9,22.05.2015,Skins,singed
5.9,22.05.2015,Skins,rengar
5.9,22.05.2015,Skins,talon
5.9,22.05.2015,Skins,twitch
5.9,22.05.2015,Skins,thresh
5.9,22.05.2015,Skins,ezreal
5.9,22.05.2015,Skins,mordekaiser
5.9,22.05.2015,Skins,syndra
5.9,22.05.2015,Skins,shaco
5.9,22.05.2015,Skins,lux
5.10,31.05.2015,Champion,ekko
5.10,31.05.2015,Champion,akali
5.10,31.05.2015,Champion,cassiopeia
5.10,31.05.2015,Champion,gragas
5.10,31.05.2015,Champion,jinx
5.10,31.05.2015,Champion,karma
5.10,31.05.2015,Champion,leona
5.10,31.05.2015,Champion,lulu
5.10,31.05.2015,Champion,reksai
5.10,31.05.2015,Champion,ryze
5.10,31.05.2015,Champion,sejuani
5.10,31.05.2015,Champion,sion
5.10,31.05.2015,Champion,taric
5.10,31.05.2015,Skins,ekko
5.10,31.05.2015,Skins,leesin
5.10,31.05.2015,Skins,tryndamere
5.10,31.05.2015,Skins,irelia
5.11,16.06.2015,Champion,aatrox
5.11,16.06.2015,Champion,ashe
5.11,16.06.2015,Champion,brand
5.11,16.06.2015,Champion,caitlyn
5.11,16.06.2015,Champion,ekko
5.11,16.06.2015,Champion,hecarim
5.11,16.06.2015,Champion,jayce
5.11,16.06.2015,Champion,katarina
5.11,16.06.2015,Champion,khazix
5.11,16.06.2015,Champion,leblanc
5.11,16.06.2015,Champion,malphite
5.11,16.06.2015,Champion,orianna
5.11,16.06.2015,Champion,ryze
5.11,16.06.2015,Champion,ryze
5.11,16.06.2015,Champion,shen
5.11,16.06.2015,Champion,shyvana
5.11,16.06.2015,Champion,sivir
5.11,16.06.2015,Skins,anivia
5.11,16.06.2015,Skins,chogath
5.11,16.06.2015,Skins,renekton
5.12,12.07.2015,Champion,ashe
5.12,12.07.2015,Champion,braum
5.12,12.07.2015,Champion,ekko
5.12,12.07.2015,Champion,elise
5.12,12.07.2015,Champion,galio
5.12,12.07.2015,Champion,gragas
5.12,12.07.2015,Champion,jarvaniv
5.12,12.07.2015,Champion,jax
5.12,12.07.2015,Champion,lux
5.12,12.07.2015,Champion,malphite
5.12,12.07.2015,Champion,ryze
5.12,12.07.2015,Champion,trundle
5.12,12.07.2015,Champion,tryndamere
5.12,12.07.2015,Champion,zilean
5.12,12.07.2015,Skins,draven
5.12,12.07.2015,Skins,lulu
5.12,12.07.2015,Skins,drmundo
5.12,12.07.2015,Skins,reksai
5.12,12.07.2015,Skins,zac
5.12,12.07.2015,Skins,caitlyn
5.12,12.07.2015,Skins,darius
5.12,12.07.2015,Skins,morgana
5.12,12.07.2015,Skins,tristana
5.13,14.07.2015,Champion,tahmkench
5.13,14.07.2015,Champion,ekko
5.13,14.07.2015,Champion,jayce
5.13,14.07.2015,Champion,kalista
5.13,14.07.2015,Champion,kayle
5.13,14.07.2015,Champion,kennen
5.13,14.07.2015,Champion,nautilus
5.13,14.07.2015,Champion,reksai
5.13,14.07.2015,Champion,shyvana
5.13,14.07.2015,Champion,singed
5.13,14.07.2015,Champion,skarner
5.13,14.07.2015,Champion,syndra
5.13,14.07.2015,Champion,thresh
5.13,14.07.2015,Champion,veigar
5.13,14.07.2015,Champion,xinzhao
5.13,14.07.2015,Champion,zilean
5.13,14.07.2015,Skins,tahmkench
5.13,14.07.2015,Skins,gnar
5.13,14.07.2015,Skins,bard
5.13,14.07.2015,Skins,karthus
5.13,14.07.2015,Skins,nasus
5.14,25.07.2015,Champion,gangplank
5.14,25.07.2015,Champion,missfortune
5.14,25.07.2015,Champion,ahri
5.14,25.07.2015,Champion,azir
5.14,25.07.2015,Champion,darius
5.14,25.07.2015,Champion,ekko
5.14,25.07.2015,Champion,elise
5.14,25.07.2015,Champion,evelynn
5.14,25.07.2015,Champion,kalista
5.14,25.07.2015,Champion,rumble
5.14,25.07.2015,Champion,ryze
5.14,25.07.2015,Champion,tahmkench
5.14,25.07.2015,Champion,vayne
5.14,25.07.2015,Champion,yasuo
5.14,25.07.2015,Skins,missfortune
5.14,25.07.2015,Skins,graves
5.14,25.07.2015,Skins,twistedfate
5.14,25.07.2015,Skins,aatrox
5.14,25.07.2015,Skins,garen
5.14,25.07.2015,Skins,quinn
5.15,13.08.2015,Champion,gangplank
5.15,13.08.2015,Champion,fiora
5.15,13.08.2015,Champion,ekko
5.15,13.08.2015,Champion,nidalee
5.15,13.08.2015,Champion,sivir
5.15,13.08.2015,Champion,teemo
5.15,13.08.2015,Skins,fizz
5.15,13.08.2015,Skins,cassiopeia
5.15,13.08.2015,Skins,vayne
5.15,13.08.2015,Skins,nami
5.16,20.08.2015,Champion,ahri
5.16,20.08.2015,Champion,alistar
5.16,20.08.2015,Champion,azir
5.16,20.08.2015,Champion,elise
5.16,20.08.2015,Champion,kassadin
5.16,20.08.2015,Champion,kayle
5.16,20.08.2015,Champion,leesin
5.16,20.08.2015,Champion,leblanc
5.16,20.08.2015,Champion,lissandra
5.16,20.08.2015,Champion,lucian
5.16,20.08.2015,Champion,nasus
5.16,20.08.2015,Champion,nami
5.16,20.08.2015,Champion,rammus
5.16,20.08.2015,Champion,rumble
5.16,20.08.2015,Champion,tahmkench
5.16,20.08.2015,Champion,teemo
5.16,20.08.2015,Champion,twitch
5.16,20.08.2015,Champion,viktor
5.16,20.08.2015,Champion,velkoz
5.16,20.08.2015,Champion,volibear
5.16,20.08.2015,Champion,zac
5.16,20.08.2015,Champion,zed
5.16,20.08.2015,Champion,darius
5.16,20.08.2015,Champion,garen
5.16,20.08.2015,Champion,skarner
5.16,20.08.2015,Champion,mordekaiser
5.16,20.08.2015,Skins,riven
5.16,20.08.2015,Skins,blitzcrank
5.16,20.08.2015,Skins,ahri
5.16,20.08.2015,Skins,darius
5.16,20.08.2015,Skins,ekko
5.16,20.08.2015,Skins,vladimir
5.17,03.09.2015,Champion,skarner
5.17,03.09.2015,Champion,azir
5.17,03.09.2015,Champion,bard
5.17,03.09.2015,Champion,darius
5.17,03.09.2015,Champion,draven
5.17,03.09.2015,Champion,fizz
5.17,03.09.2015,Champion,gangplank
5.17,03.09.2015,Champion,garen
5.17,03.09.2015,Champion,gragas
5.17,03.09.2015,Champion,janna
5.17,03.09.2015,Champion,jax
5.17,03.09.2015,Champion,kalista
5.17,03.09.2015,Champion,karma
5.17,03.09.2015,Champion,lux
5.17,03.09.2015,Champion,maokai
5.17,03.09.2015,Champion,masteryi
5.17,03.09.2015,Champion,nocturne
5.17,03.09.2015,Champion,pantheon
5.17,03.09.2015,Champion,reksai
5.17,03.09.2015,Champion,shen
5.17,03.09.2015,Champion,tahmkench
5.17,03.09.2015,Champion,vi
5.17,03.09.2015,Skins,lucian
5.17,03.09.2015,Skins,leona
5.17,03.09.2015,Skins,fiora
5.17,03.09.2015,Skins,zed
5.18,25.09.2015,Champion,anivia
5.18,25.09.2015,Champion,braum
5.18,25.09.2015,Champion,caitlyn
5.18,25.09.2015,Champion,darius
5.18,25.09.2015,Champion,elise
5.18,25.09.2015,Champion,ezreal
5.18,25.09.2015,Champion,fiora
5.18,25.09.2015,Champion,galio
5.18,25.09.2015,Champion,garen
5.18,25.09.2015,Champion,gangplank
5.18,25.09.2015,Champion,jarvaniv
5.18,25.09.2015,Champion,lulu
5.18,25.09.2015,Champion,mordekaiser
5.18,25.09.2015,Champion,morgana
5.18,25.09.2015,Champion,skarner
5.18,25.09.2015,Champion,syndra
5.18,25.09.2015,Champion,tahmkench
5.18,25.09.2015,Champion,twitch
5.18,25.09.2015,Champion,veigar
5.18,25.09.2015,Champion,zyra
5.18,25.09.2015,Skins,kalista
5.19,01.10.2015,Champion,kindred
5.19,01.10.2015,Champion,garen
5.19,01.10.2015,Champion,missfortune
5.19,01.10.2015,Champion,shen
5.19,01.10.2015,Champion,zac
5.19,01.10.2015,Skins,kindred
5.19,01.10.2015,Skins,malphite
5.19,01.10.2015,Skins,alistar
5.19,01.10.2015,Skins,olaf
5.19,01.10.2015,Skins,jax
5.19,01.10.2015,Skins,karma
5.20,14.10.2015,Champion,kindred
5.20,14.10.2015,Champion,azir
5.20,14.10.2015,Champion,darius
5.20,14.10.2015,Champion,drmundo
5.20,14.10.2015,Champion,evelynn
5.20,14.10.2015,Champion,fiora
5.20,14.10.2015,Champion,kalista
5.20,14.10.2015,Champion,teemo
5.20,14.10.2015,Champion,vayne
5.20,14.10.2015,Skins,kindred
5.20,14.10.2015,Skins,kassadin
5.20,14.10.2015,Skins,vi
5.20,14.10.2015,Skins,brand
5.21,03.11.2015,Champion,caitlyn
5.21,03.11.2015,Champion,chogath
5.21,03.11.2015,Champion,gangplank
5.21,03.11.2015,Champion,kassadin
5.21,03.11.2015,Champion,khazix
5.21,03.11.2015,Champion,kindred
5.21,03.11.2015,Champion,mordekaiser
5.21,03.11.2015,Champion,riven
5.21,03.11.2015,Champion,veigar
5.21,03.11.2015,Champion,zilean
5.21,03.11.2015,Skins,jinx
5.21,03.11.2015,Skins,pantheon
5.21,03.11.2015,Skins,nunu
5.22,12.11.2015,Champion,ashe
5.22,12.11.2015,Champion,draven
5.22,12.11.2015,Champion,ezreal
5.22,12.11.2015,Champion,jinx
5.22,12.11.2015,Champion,kalista
5.22,12.11.2015,Champion,lucian
5.22,12.11.2015,Champion,sivir
5.22,12.11.2015,Champion,tristana
5.22,12.11.2015,Champion,twitch
5.22,12.11.2015,Champion,varus
5.22,12.11.2015,Champion,vayne
5.22,12.11.2015,Champion,urgot
5.22,12.11.2015,Champion,azir
5.22,12.11.2015,Champion,kindred
5.22,12.11.2015,Champion,leblanc
5.22,12.11.2015,Champion,renekton
5.22,12.11.2015,Champion,riven
5.22,12.11.2015,Champion,shaco
5.22,12.11.2015,Champion,sion
5.22,12.11.2015,Champion,volibear
5.22,12.11.2015,Champion,wukong
5.22,12.11.2015,Champion,zed
5.22,12.11.2015,Champion,quinn
5.22,12.11.2015,Champion,graves
5.22,12.11.2015,Champion,corki
5.22,12.11.2015,Champion,kogmaw
5.22,12.11.2015,Champion,missfortune
5.22,12.11.2015,Champion,caitlyn
5.22,12.11.2015,Skins,sivir
5.23,03.12.2015,Champion,illaoi
5.23,03.12.2015,Champion,ashe
5.23,03.12.2015,Champion,azir
5.23,03.12.2015,Champion,bard
5.23,03.12.2015,Champion,caitlyn
5.23,03.12.2015,Champion,khazix
5.23,03.12.2015,Champion,lucian
5.23,03.12.2015,Champion,missfortune
5.23,03.12.2015,Champion,mordekaiser
5.23,03.12.2015,Champion,quinn
5.23,03.12.2015,Champion,skarner
5.23,03.12.2015,Champion,zed
5.23,03.12.2015,Champion,zilean
5.23,03.12.2015,Skins,tristana
5.23,03.12.2015,Skins,azir
5.23,03.12.2015,Skins,hecarim
5.23,03.12.2015,Skins,braum
5.23,03.12.2015,Skins,gragas
5.23,03.12.2015,Skins,ryze
5.23,03.12.2015,Skins,varus
5.24,11.12.2015,Champion,poppy
5.24,11.12.2015,Champion,ashe
5.24,11.12.2015,Champion,anivia
5.24,11.12.2015,Champion,azir
5.24,11.12.2015,Champion,bard
5.24,11.12.2015,Champion,brand
5.24,11.12.2015,Champion,caitlyn
5.24,11.12.2015,Champion,drmundo
5.24,11.12.2015,Champion,ekko
5.24,11.12.2015,Champion,hecarim
5.24,11.12.2015,Champion,jinx
5.24,11.12.2015,Champion,karthus
5.24,11.12.2015,Champion,kindred
5.24,11.12.2015,Champion,kogmaw
5.24,11.12.2015,Champion,malzahar
5.24,11.12.2015,Champion,masteryi
5.24,11.12.2015,Champion,missfortune
5.24,11.12.2015,Champion,nidalee
5.24,11.12.2015,Champion,quinn
5.24,11.12.2015,Champion,rammus
5.24,11.12.2015,Champion,riven
5.24,11.12.2015,Champion,sivir
5.24,11.12.2015,Champion,skarner
5.24,11.12.2015,Champion,soraka
5.24,11.12.2015,Champion,swain
5.24,11.12.2015,Champion,tahmkench
5.24,11.12.2015,Champion,twistedfate
5.24,11.12.2015,Champion,xinzhao
5.24,11.12.2015,Champion,ziggs
5.24,11.12.2015,Skins,syndra
5.24,11.12.2015,Skins,gnar
5.24,11.12.2015,Skins,bard
6.1,29.01.2016,Champion,bard
6.1,29.01.2016,Champion,brand
6.1,29.01.2016,Champion,caitlyn
6.1,29.01.2016,Champion,fiddlesticks
6.1,29.01.2016,Champion,gangplank
6.1,29.01.2016,Champion,jinx
6.1,29.01.2016,Champion,kalista
6.1,29.01.2016,Champion,khazix
6.1,29.01.2016,Champion,leblanc
6.1,29.01.2016,Champion,missfortune
6.1,29.01.2016,Champion,mordekaiser
6.1,29.01.2016,Champion,riven
6.1,29.01.2016,Champion,rumble
6.1,29.01.2016,Champion,teemo
6.1,29.01.2016,Champion,trundle
6.1,29.01.2016,Champion,elise
6.1,29.01.2016,Champion,poppy
6.1,29.01.2016,Champion,thresh
6.1,29.01.2016,Champion,yasuo
6.1,29.01.2016,Champion,urgot
6.1,29.01.2016,Champion,heimerdinger
6.1,29.01.2016,Skins,nidalee
6.2,09.02.2016,Champion,jhin
6.2,09.02.2016,Champion,shen
6.2,09.02.2016,Champion,drmundo
6.2,09.02.2016,Champion,elise
6.2,09.02.2016,Champion,fiora
6.2,09.02.2016,Champion,gangplank
6.2,09.02.2016,Champion,karma
6.2,09.02.2016,Champion,khazix
6.2,09.02.2016,Champion,kindred
6.2,09.02.2016,Champion,nunu
6.2,09.02.2016,Champion,poppy
6.2,09.02.2016,Champion,rengar
6.2,09.02.2016,Champion,tahmkench
6.2,09.02.2016,Skins,wukong
6.2,09.02.2016,Skins,caitlyn
6.2,09.02.2016,Skins,morgana
6.2,09.02.2016,Skins,jhin
6.2,09.02.2016,Skins,draven
6.2,09.02.2016,Skins,sejuani
6.2,09.02.2016,Skins,tryndamere
6.3,11.02.2016,Champion,akali
6.3,11.02.2016,Champion,alistar
6.3,11.02.2016,Champion,corki
6.3,11.02.2016,Champion,ekko
6.3,11.02.2016,Champion,gragas
6.3,11.02.2016,Champion,graves
6.3,11.02.2016,Champion,illaoi
6.3,11.02.2016,Champion,kogmaw
6.3,11.02.2016,Champion,jax
6.3,11.02.2016,Champion,poppy
6.3,11.02.2016,Champion,rengar
6.3,11.02.2016,Champion,ryze
6.3,11.02.2016,Champion,xinzhao
6.3,11.02.2016,Champion,zed
6.3,11.02.2016,Champion,ziggs
6.3,11.02.2016,Skins,orianna
6.3,11.02.2016,Skins,sona
6.4,29.02.2016,Champion,ahri
6.4,29.02.2016,Champion,ashe
6.4,29.02.2016,Champion,caitlyn
6.4,29.02.2016,Champion,ezreal
6.4,29.02.2016,Champion,fiora
6.4,29.02.2016,Champion,gangplank
6.4,29.02.2016,Champion,illaoi
6.4,29.02.2016,Champion,jhin
6.4,29.02.2016,Champion,katarina
6.4,29.02.2016,Champion,kogmaw
6.4,29.02.2016,Champion,lucian
6.4,29.02.2016,Champion,malphite
6.4,29.02.2016,Champion,rumble
6.4,29.02.2016,Champion,ryze
6.4,29.02.2016,Champion,shen
6.4,29.02.2016,Champion,sivir
6.4,29.02.2016,Champion,tahmkench
6.4,29.02.2016,Champion,udyr
6.4,29.02.2016,Champion,viktor
6.4,29.02.2016,Champion,xinzhao
6.4,29.02.2016,Skins,kennen
6.4,29.02.2016,Skins,yasuo
6.5,20.03.2016,Champion,azir
6.5,20.03.2016,Champion,gnar
6.5,20.03.2016,Champion,hecarim
6.5,20.03.2016,Champion,jarvaniv
6.5,20.03.2016,Champion,kogmaw
6.5,20.03.2016,Champion,nautilus
6.5,20.03.2016,Champion,pantheon
6.5,20.03.2016,Champion,quinn
6.5,20.03.2016,Champion,renekton
6.5,20.03.2016,Champion,shen
6.5,20.03.2016,Champion,sejuani
6.5,20.03.2016,Champion,soraka
6.5,20.03.2016,Champion,talon
6.5,20.03.2016,Champion,urgot
6.5,20.03.2016,Champion,vi
6.5,20.03.2016,Skins,khazix
6.5,20.03.2016,Skins,leblanc
6.6,30.04.2016,Champion,aurelionsol
6.6,30.04.2016,Champion,alistar
6.6,30.04.2016,Champion,azir
6.6,30.04.2016,Champion,chogath
6.6,30.04.2016,Champion,ekko
6.6,30.04.2016,Champion,fiora
6.6,30.04.2016,Champion,janna
6.6,30.04.2016,Champion,jayce
6.6,30.04.2016,Champion,kalista
6.6,30.04.2016,Champion,karma
6.6,30.04.2016,Champion,khazix
6.6,30.04.2016,Champion,lulu
6.6,30.04.2016,Champion,lux
6.6,30.04.2016,Champion,maokai
6.6,30.04.2016,Champion,masteryi
6.6,30.04.2016,Champion,nidalee
6.6,30.04.2016,Champion,orianna
6.6,30.04.2016,Champion,quinn
6.6,30.04.2016,Champion,shyvana
6.6,30.04.2016,Champion,twistedfate
6.6,30.04.2016,Skins,aurelionsol
6.7,03.05.2016,Champion,aurelionsol
6.7,03.05.2016,Champion,corki
6.7,03.05.2016,Champion,irelia
6.7,03.05.2016,Champion,jhin
6.7,03.05.2016,Champion,kindred
6.7,03.05.2016,Champion,lissandra
6.7,03.05.2016,Champion,lux
6.7,03.05.2016,Champion,nidalee
6.7,03.05.2016,Champion,poppy
6.7,03.05.2016,Champion,rammus
6.7,03.05.2016,Champion,soraka
6.7,03.05.2016,Champion,udyr
6.7,03.05.2016,Champion,zed
6.7,03.05.2016,Skins,sion
6.7,03.05.2016,Skins,lissandra
6.7,03.05.2016,Skins,soraka
6.8,27.04.2016,Champion,taric
6.8,27.04.2016,Champion,ekko
6.8,27.04.2016,Champion,galio
6.8,27.04.2016,Champion,graves
6.8,27.04.2016,Champion,kogmaw
6.8,27.04.2016,Champion,masteryi
6.8,27.04.2016,Champion,missfortune
6.8,27.04.2016,Champion,olaf
6.8,27.04.2016,Champion,rumble
6.8,27.04.2016,Skins,diana
6.9,10.05.2016,Champion,azir
6.9,10.05.2016,Champion,illaoi
6.9,10.05.2016,Champion,kindred
6.9,10.05.2016,Champion,mordekaiser
6.9,10.05.2016,Champion,nidalee
6.9,10.05.2016,Champion,rengar
6.9,10.05.2016,Champion,soraka
6.9,10.05.2016,Champion,taric
6.9,10.05.2016,Champion,teemo
6.9,10.05.2016,Champion,zac
6.9,10.05.2016,Champion,vladimir
6.9,10.05.2016,Champion,malzahar
6.9,10.05.2016,Champion,cassiopeia
6.9,10.05.2016,Champion,zyra
6.9,10.05.2016,Champion,brand
6.9,10.05.2016,Champion,velkoz
6.9,10.05.2016,Champion,anivia
6.9,10.05.2016,Champion,annie
6.9,10.05.2016,Champion,fiddlesticks
6.9,10.05.2016,Champion,kennen
6.9,10.05.2016,Champion,swain
6.9,10.05.2016,Champion,syndra
6.9,10.05.2016,Champion,veigar
6.9,10.05.2016,Champion,viktor
6.9,10.05.2016,Champion,xerath
6.9,10.05.2016,Champion,ziggs
6.9,10.05.2016,Skins,kayle
6.9,10.05.2016,Skins,nocturne
6.9,10.05.2016,Skins,singed
6.10,25.05.2016,Champion,taliyah
6.10,25.05.2016,Champion,alistar
6.10,25.05.2016,Champion,anivia
6.10,25.05.2016,Champion,aurelionsol
6.10,25.05.2016,Champion,cassiopeia
6.10,25.05.2016,Champion,fiddlesticks
6.10,25.05.2016,Champion,fizz
6.10,25.05.2016,Champion,illaoi
6.10,25.05.2016,Champion,jinx
6.10,25.05.2016,Champion,malzahar
6.10,25.05.2016,Champion,masteryi
6.10,25.05.2016,Champion,nocturne
6.10,25.05.2016,Champion,shyvana
6.10,25.05.2016,Champion,swain
6.10,25.05.2016,Champion,taric
6.10,25.05.2016,Champion,tryndamere
6.10,25.05.2016,Champion,velkoz
6.10,25.05.2016,Champion,vladimir
6.10,25.05.2016,Champion,zyra
6.10,25.05.2016,Skins,taliyah
6.10,25.05.2016,Skins,fizz
6.10,25.05.2016,Skins,kindred
6.10,25.05.2016,Skins,shyvana
6.11,07.06.2016,Champion,anivia
6.11,07.06.2016,Champion,azir
6.11,07.06.2016,Champion,corki
6.11,07.06.2016,Champion,ekko
6.11,07.06.2016,Champion,illaoi
6.11,07.06.2016,Champion,jax
6.11,07.06.2016,Champion,kindred
6.11,07.06.2016,Champion,lucian
6.11,07.06.2016,Champion,maokai
6.11,07.06.2016,Champion,nidalee
6.11,07.06.2016,Champion,ryze
6.11,07.06.2016,Champion,swain
6.11,07.06.2016,Champion,taliyah
6.11,07.06.2016,Champion,velkoz
6.11,07.06.2016,Champion,zed
6.11,07.06.2016,Champion,ahri
6.11,07.06.2016,Champion,aurelionsol
6.11,07.06.2016,Skins,gnar
6.11,07.06.2016,Skins,drmundo
6.11,07.06.2016,Skins,volibear
6.12,15.07.2016,Champion,corki
6.12,15.07.2016,Champion,fizz
6.12,15.07.2016,Champion,shaco
6.12,15.07.2016,Champion,syndra
6.12,15.07.2016,Champion,xinzhao
6.12,15.07.2016,Champion,zed
6.12,15.07.2016,Skins,thresh
6.12,15.07.2016,Skins,varus
6.13,10.07.2016,Champion,blitzcrank
6.13,10.07.2016,Champion,lulu
6.13,10.07.2016,Champion,tahmkench
6.13,10.07.2016,Champion,thresh
6.13,10.07.2016,Champion,zyra
6.13,10.07.2016,Champion,zilean
6.13,10.07.2016,Champion,gnar
6.13,10.07.2016,Champion,irelia
6.13,10.07.2016,Champion,jarvaniv
6.13,10.07.2016,Champion,kindred
6.13,10.07.2016,Champion,swain
6.13,10.07.2016,Champion,syndra
6.13,10.07.2016,Champion,trundle
6.13,10.07.2016,Champion,twitch
6.13,10.07.2016,Champion,vladimir
6.13,10.07.2016,Champion,volibear
6.13,10.07.2016,Champion,ziggs
6.13,10.07.2016,Skins,nami
6.13,10.07.2016,Skins,vayne
6.14,03.08.2016,Champion,ryze
6.14,03.08.2016,Champion,leona
6.14,03.08.2016,Champion,sona
6.14,03.08.2016,Champion,annie
6.14,03.08.2016,Champion,azir
6.14,03.08.2016,Champion,fiora
6.14,03.08.2016,Champion,illaoi
6.14,03.08.2016,Champion,leesin
6.14,03.08.2016,Champion,lux
6.14,03.08.2016,Champion,malzahar
6.14,03.08.2016,Champion,poppy
6.14,03.08.2016,Champion,reksai
6.14,03.08.2016,Champion,taliyah
6.14,03.08.2016,Champion,viktor
6.14,03.08.2016,Champion,yasuo
6.14,03.08.2016,Skins,fiora
6.14,03.08.2016,Skins,missfortune
6.14,03.08.2016,Skins,taric
6.15,09.08.2016,Champion,braum
6.15,09.08.2016,Champion,corki
6.15,09.08.2016,Champion,hecarim
6.15,09.08.2016,Champion,illaoi
6.15,09.08.2016,Champion,jarvaniv
6.15,09.08.2016,Champion,karma
6.15,09.08.2016,Champion,kassadin
6.15,09.08.2016,Champion,malzahar
6.15,09.08.2016,Champion,nidalee
6.15,09.08.2016,Champion,renekton
6.15,09.08.2016,Champion,shen
6.15,09.08.2016,Champion,shyvana
6.15,09.08.2016,Champion,sona
6.15,09.08.2016,Champion,taliyah
6.15,09.08.2016,Champion,vayne
6.15,09.08.2016,Champion,viktor
6.15,09.08.2016,Champion,vladimir
6.15,09.08.2016,Champion,zac
6.15,09.08.2016,Champion,zyra
6.15,09.08.2016,Skins,ashe
6.15,09.08.2016,Skins,ekko
6.15,09.08.2016,Skins,katarina
6.16,19.08.2016,Champion,kled
6.16,19.08.2016,Champion,irelia
6.16,19.08.2016,Champion,leona
6.16,19.08.2016,Champion,lulu
6.16,19.08.2016,Champion,mordekaiser
6.16,19.08.2016,Champion,nautilus
6.16,19.08.2016,Champion,sona
6.16,19.08.2016,Champion,viktor
6.16,19.08.2016,Skins,alistar
6.16,19.08.2016,Skins,azir
6.16,19.08.2016,Skins,elise
6.16,19.08.2016,Skins,kalista
6.16,19.08.2016,Skins,renekton
6.16,19.08.2016,Skins,ryze
6.16,19.08.2016,Skins,kled
6.17,03.09.2016,Champion,annie
6.17,03.09.2016,Champion,ashe
6.17,03.09.2016,Champion,corki
6.17,03.09.2016,Champion,diana
6.17,03.09.2016,Champion,draven
6.17,03.09.2016,Champion,evelynn
6.17,03.09.2016,Champion,ezreal
6.17,03.09.2016,Champion,gangplank
6.17,03.09.2016,Champion,gragas
6.17,03.09.2016,Champion,jayce
6.17,03.09.2016,Champion,jhin
6.17,03.09.2016,Champion,jinx
6.17,03.09.2016,Champion,kennen
6.17,03.09.2016,Champion,kled
6.17,03.09.2016,Champion,malphite
6.17,03.09.2016,Champion,morgana
6.17,03.09.2016,Champion,orianna
6.17,03.09.2016,Champion,poppy
6.17,03.09.2016,Champion,reksai
6.17,03.09.2016,Champion,riven
6.17,03.09.2016,Champion,ryze
6.17,03.09.2016,Champion,sivir
6.17,03.09.2016,Champion,thresh
6.17,03.09.2016,Champion,trundle
6.17,03.09.2016,Champion,vayne
6.17,03.09.2016,Champion,veigar
6.17,03.09.2016,Champion,vi
6.17,03.09.2016,Skins,ahri
6.17,03.09.2016,Skins,corki
6.17,03.09.2016,Skins,ezreal
6.17,03.09.2016,Skins,missfortune
6.17,03.09.2016,Skins,teemo
6.17,03.09.2016,Skins,yasuo
6.17,03.09.2016,Skins,zed
6.17,03.09.2016,Skins,xinzhao
6.18,02.10.2016,Champion,yorick
6.18,02.10.2016,Champion,ashe
6.18,02.10.2016,Champion,aurelionsol
6.18,02.10.2016,Champion,ekko
6.18,02.10.2016,Champion,gnar
6.18,02.10.2016,Champion,leesin
6.18,02.10.2016,Champion,lissandra
6.18,02.10.2016,Champion,lulu
6.18,02.10.2016,Champion,lux
6.18,02.10.2016,Champion,missfortune
6.18,02.10.2016,Champion,nocturne
6.18,02.10.2016,Champion,reksai
6.18,02.10.2016,Champion,ryze
6.18,02.10.2016,Champion,shen
6.18,02.10.2016,Champion,taliyah
6.18,02.10.2016,Champion,vladimir
6.18,02.10.2016,Champion,yasuo
6.18,02.10.2016,Skins,pantheon
6.18,02.10.2016,Skins,leona
6.18,02.10.2016,Skins,olaf
6.18,02.10.2016,Skins,akali
6.19,30.09.2016,Champion,kogmaw
6.19,30.09.2016,Champion,anivia
6.19,30.09.2016,Champion,aurelionsol
6.19,30.09.2016,Champion,cassiopeia
6.19,30.09.2016,Champion,corki
6.19,30.09.2016,Champion,drmundo
6.19,30.09.2016,Champion,kled
6.19,30.09.2016,Champion,leona
6.19,30.09.2016,Champion,singed
6.19,30.09.2016,Champion,soraka
6.19,30.09.2016,Champion,twitch
6.19,30.09.2016,Champion,udyr
6.19,30.09.2016,Skins,diana
6.19,30.09.2016,Skins,ezreal
6.19,30.09.2016,Skins,malphite
6.19,30.09.2016,Skins,riven
6.19,30.09.2016,Skins,zed
6.20,12.10.2016,Champion,ivern
6.20,12.10.2016,Champion,ashe
6.20,12.10.2016,Champion,chogath
6.20,12.10.2016,Champion,jinx
6.20,12.10.2016,Champion,kogmaw
6.20,12.10.2016,Champion,nunu
6.20,12.10.2016,Champion,shyvana
6.20,12.10.2016,Champion,taliyah
6.20,12.10.2016,Champion,vladimir
6.20,12.10.2016,Champion,yorick
6.20,12.10.2016,Skins,ivern
6.20,12.10.2016,Skins,janna
6.20,12.10.2016,Skins,jinx
6.20,12.10.2016,Skins,lulu
6.20,12.10.2016,Skins,poppy
6.21,28.10.2016,Champion,nidalee
6.21,28.10.2016,Champion,ashe
6.21,28.10.2016,Champion,graves
6.21,28.10.2016,Champion,ivern
6.21,28.10.2016,Champion,kogmaw
6.21,28.10.2016,Champion,leesin
6.21,28.10.2016,Champion,masteryi
6.21,28.10.2016,Champion,nasus
6.21,28.10.2016,Champion,nocturne
6.21,28.10.2016,Champion,nunu
6.21,28.10.2016,Champion,zac
6.21,28.10.2016,Champion,yorick
6.21,28.10.2016,Champion,ziggs
6.21,28.10.2016,Champion,talon
6.21,28.10.2016,Champion,katarina
6.21,28.10.2016,Champion,leblanc
6.21,28.10.2016,Champion,rengar
6.21,28.10.2016,Champion,fizz
6.21,28.10.2016,Champion,khazix
6.21,28.10.2016,Champion,akali
6.21,28.10.2016,Champion,zed
6.21,28.10.2016,Champion,ekko
6.21,28.10.2016,Champion,shaco
6.21,28.10.2016,Skins,morgana
6.21,28.10.2016,Skins,tristana
6.21,28.10.2016,Skins,teemo
6.22,15.11.2016,Champion,alistar
6.22,15.11.2016,Champion,twitch
6.22,15.11.2016,Champion,ivern
6.22,15.11.2016,Champion,kled
6.22,15.11.2016,Skins,karthus
6.22,15.11.2016,Skins,jayce
6.22,15.11.2016,Skins,bard
6.22,15.11.2016,Skins,sejuani
6.22,15.11.2016,Skins,hecarim
6.22,15.11.2016,Skins,nasus
6.22,15.11.2016,Skins,trundle
6.22,15.11.2016,Skins,nautilus
6.22,15.11.2016,Skins,poppy
6.22,15.11.2016,Skins,braum
6.23,30.11.2016,Champion,shyvana
6.23,30.11.2016,Champion,akali
6.23,30.11.2016,Champion,anivia
6.23,30.11.2016,Champion,evelynn
6.23,30.11.2016,Champion,katarina
6.23,30.11.2016,Champion,lux
6.23,30.11.2016,Champion,malzahar
6.23,30.11.2016,Champion,orianna
6.23,30.11.2016,Champion,rengar
6.23,30.11.2016,Champion,shen
6.23,30.11.2016,Champion,yorick
6.24,08.12.2016,Champion,camille
6.24,08.12.2016,Champion,akali
6.24,08.12.2016,Champion,azir
6.24,08.12.2016,Champion,fiddlesticks
6.24,08.12.2016,Champion,fizz
6.24,08.12.2016,Champion,garen
6.24,08.12.2016,Champion,ivern
6.24,08.12.2016,Champion,katarina
6.24,08.12.2016,Champion,kogmaw
6.24,08.12.2016,Skins,braum
6.24,08.12.2016,Skins,graves
6.24,08.12.2016,Skins,karma
7.1,30.01.2017,Champion,anivia
7.1,30.01.2017,Champion,camille
7.1,30.01.2017,Champion,draven
7.1,30.01.2017,Champion,kalista
7.1,30.01.2017,Champion,karma
7.1,30.01.2017,Champion,kennen
7.1,30.01.2017,Champion,leesin
7.1,30.01.2017,Champion,lucian
7.1,30.01.2017,Champion,poppy
7.1,30.01.2017,Champion,ryze
7.1,30.01.2017,Champion,shyvana
7.1,30.01.2017,Champion,syndra
7.1,30.01.2017,Champion,talon
7.1,30.01.2017,Skins,gangplank
7.1,30.01.2017,Skins,azir
7.1,30.01.2017,Skins,garen
7.1,30.01.2017,Skins,vi
7.1,30.01.2017,Skins,jinx
7.2,06.02.2017,Champion,warwick
7.2,06.02.2017,Champion,akali
7.2,06.02.2017,Champion,darius
7.2,06.02.2017,Champion,gragas
7.2,06.02.2017,Champion,graves
7.2,06.02.2017,Champion,katarina
7.2,06.02.2017,Champion,lulu
7.2,06.02.2017,Champion,masteryi
7.2,06.02.2017,Champion,nidalee
7.2,06.02.2017,Champion,yasuo
7.2,06.02.2017,Skins,lucian
7.2,06.02.2017,Skins,quinn
7.2,06.02.2017,Skins,ahri
7.2,06.02.2017,Skins,leblanc
7.3,27.12.2017,Champion,camille
7.3,27.12.2017,Champion,ivern
7.3,27.12.2017,Champion,jayce
7.3,27.12.2017,Champion,khazix
7.3,27.12.2017,Champion,leblanc
7.3,27.12.2017,Champion,malzahar
7.3,27.12.2017,Champion,rengar
7.3,27.12.2017,Champion,tristana
7.3,27.12.2017,Champion,vi
7.3,27.12.2017,Champion,vladimir
7.3,27.12.2017,Champion,zyra
7.3,27.12.2017,Skins,diana
7.3,27.12.2017,Skins,jhin
7.3,27.12.2017,Skins,talon
7.3,27.12.2017,Skins,twistedfate
7.4,07.03.2017,Champion,chogath
7.4,07.03.2017,Champion,bard
7.4,07.03.2017,Champion,cassiopeia
7.4,07.03.2017,Champion,corki
7.4,07.03.2017,Champion,jhin
7.4,07.03.2017,Champion,katarina
7.4,07.03.2017,Champion,maokai
7.4,07.03.2017,Champion,ryze
7.4,07.03.2017,Skins,anivia
7.5,21.03.2017,Champion,aatrox
7.5,21.03.2017,Champion,fizz
7.5,21.03.2017,Champion,kindred
7.5,21.03.2017,Champion,leblanc
7.5,21.03.2017,Champion,lucian
7.5,21.03.2017,Champion,missfortune
7.5,21.03.2017,Champion,rengar
7.5,21.03.2017,Champion,ryze
7.5,21.03.2017,Champion,varus
7.5,21.03.2017,Champion,zyra
7.5,21.03.2017,Skins,zyra
7.5,21.03.2017,Skins,xinzhao
7.5,21.03.2017,Skins,pantheon
7.6,04.04.2017,Champion,galio
7.6,04.04.2017,Champion,aatrox
7.6,04.04.2017,Champion,chogath
7.6,04.04.2017,Champion,fiddlesticks
7.6,04.04.2017,Champion,gnar
7.6,04.04.2017,Champion,missfortune
7.6,04.04.2017,Champion,orianna
7.6,04.04.2017,Champion,quinn
7.6,04.04.2017,Champion,varus
7.6,04.04.2017,Skins,alistar
7.6,04.04.2017,Skins,kennen
7.6,04.04.2017,Skins,gnar
7.6,04.04.2017,Skins,amumu
7.7,18.04.2017,Champion,amumu
7.7,18.04.2017,Champion,alistar
7.7,18.04.2017,Champion,bard
7.7,18.04.2017,Champion,camille
7.7,18.04.2017,Champion,galio
7.7,18.04.2017,Champion,graves
7.7,18.04.2017,Champion,jarvaniv
7.7,18.04.2017,Champion,jinx
7.7,18.04.2017,Champion,kassadin
7.7,18.04.2017,Champion,katarina
7.7,18.04.2017,Champion,lux
7.7,18.04.2017,Champion,nunu
7.7,18.04.2017,Champion,rengar
7.7,18.04.2017,Champion,rumble
7.7,18.04.2017,Champion,shaco
7.7,18.04.2017,Champion,syndra
7.7,18.04.2017,Champion,talon
7.7,18.04.2017,Champion,volibear
7.7,18.04.2017,Skins,karma
7.7,18.04.2017,Skins,leesin
7.7,18.04.2017,Skins,darius
7.8,30.04.2017,Champion,aatrox
7.8,30.04.2017,Champion,amumu
7.8,30.04.2017,Champion,ivern
7.8,30.04.2017,Champion,karthus
7.8,30.04.2017,Champion,lissandra
7.8,30.04.2017,Champion,malzahar
7.8,30.04.2017,Champion,nautilus
7.8,30.04.2017,Champion,ryze
7.8,30.04.2017,Champion,shen
7.8,30.04.2017,Champion,udyr
7.8,30.04.2017,Skins,rakan
7.8,30.04.2017,Skins,xayah
7.8,30.04.2017,Skins,masteryi
7.8,30.04.2017,Skins,karma
7.9,16.05.2017,Champion,graves
7.9,16.05.2017,Champion,renekton
7.9,16.05.2017,Champion,ryze
7.9,16.05.2017,Champion,fizz
7.9,16.05.2017,Champion,shen
7.9,16.05.2017,Champion,maokai
7.9,16.05.2017,Champion,sejuani
7.9,16.05.2017,Champion,zac
7.9,16.05.2017,Skins,khazix
7.9,16.05.2017,Skins,orianna
7.9,16.05.2017,Skins,ekko
7.9,16.05.2017,Skins,vi
7.9,16.05.2017,Skins,shen
7.10,07.06.2017,Champion,heimerdinger
7.10,07.06.2017,Champion,rammus
7.10,07.06.2017,Champion,cassiopeia
7.10,07.06.2017,Champion,fizz
7.10,07.06.2017,Champion,graves
7.10,07.06.2017,Champion,jax
7.10,07.06.2017,Champion,ivern
7.10,07.06.2017,Champion,leesin
7.10,07.06.2017,Champion,lulu
7.10,07.06.2017,Champion,kassadin
7.10,07.06.2017,Champion,maokai
7.10,07.06.2017,Champion,rakan
7.10,07.06.2017,Champion,renekton
7.10,07.06.2017,Champion,riven
7.10,07.06.2017,Champion,sejuani
7.10,07.06.2017,Champion,udyr
7.10,07.06.2017,Champion,yorick
7.10,07.06.2017,Champion,zac
7.10,07.06.2017,Skins,caitlyn
7.10,07.06.2017,Skins,olaf
7.10,07.06.2017,Skins,rengar
7.11,13.06.2017,Champion,ahri
7.11,13.06.2017,Champion,caitlyn
7.11,13.06.2017,Champion,drmundo
7.11,13.06.2017,Champion,leesin
7.11,13.06.2017,Champion,lucian
7.11,13.06.2017,Champion,malphite
7.11,13.06.2017,Champion,maokai
7.11,13.06.2017,Champion,renekton
7.11,13.06.2017,Champion,sion
7.11,13.06.2017,Champion,syndra
7.11,13.06.2017,Champion,yasuo
7.11,13.06.2017,Champion,zac
7.11,13.06.2017,Champion,reksai
7.11,13.06.2017,Champion,kindred
7.11,13.06.2017,Champion,malzahar
7.11,13.06.2017,Skins,tryndamere
7.12,27.06.2017,Champion,camille
7.12,27.06.2017,Champion,corki
7.12,27.06.2017,Champion,ivern
7.12,27.06.2017,Champion,jax
7.12,27.06.2017,Champion,jhin
7.12,27.06.2017,Champion,karma
7.12,27.06.2017,Champion,kindred
7.12,27.06.2017,Champion,malzahar
7.12,27.06.2017,Champion,rakan
7.12,27.06.2017,Champion,reksai
7.12,27.06.2017,Champion,rumble
7.12,27.06.2017,Champion,xayah
7.12,27.06.2017,Champion,zac
7.12,27.06.2017,Skins,riven
7.12,27.06.2017,Skins,yasuo
7.13,11.07.2017,Champion,galio
7.13,11.07.2017,Champion,gnar
7.13,11.07.2017,Champion,kennen
7.13,11.07.2017,Champion,khazix
7.13,11.07.2017,Champion,kindred
7.13,11.07.2017,Champion,maokai
7.13,11.07.2017,Champion,poppy
7.13,11.07.2017,Champion,reksai
7.13,11.07.2017,Champion,shaco
7.13,11.07.2017,Champion,trundle
7.13,11.07.2017,Champion,xayah
7.13,11.07.2017,Champion,rammus
7.13,11.07.2017,Skins,olaf
7.13,11.07.2017,Skins,syndra
7.13,11.07.2017,Skins,nami
7.13,11.07.2017,Skins,ekko
7.13,11.07.2017,Skins,zac
7.13,11.07.2017,Skins,jhin
7.14,26.07.2017,Champion,kayn
7.14,26.07.2017,Champion,alistar
7.14,26.07.2017,Champion,caitlyn
7.14,26.07.2017,Champion,chogath
7.14,26.07.2017,Champion,diana
7.14,26.07.2017,Champion,fiora
7.14,26.07.2017,Champion,garen
7.14,26.07.2017,Champion,ivern
7.14,26.07.2017,Champion,rammus
7.14,26.07.2017,Champion,singed
7.14,26.07.2017,Champion,taric
7.14,26.07.2017,Champion,yorick
7.14,26.07.2017,Skins,kayn
7.14,26.07.2017,Skins,fiora
7.14,26.07.2017,Skins,graves
7.14,26.07.2017,Skins,lulu
7.15,08.08.2017,Champion,urgot
7.15,08.08.2017,Champion,akali
7.15,08.08.2017,Champion,azir
7.15,08.08.2017,Champion,chogath
7.15,08.08.2017,Champion,drmundo
7.15,08.08.2017,Champion,ekko
7.15,08.08.2017,Champion,elise
7.15,08.08.2017,Champion,ezreal
7.15,08.08.2017,Champion,gangplank
7.15,08.08.2017,Champion,gragas
7.15,08.08.2017,Champion,irelia
7.15,08.08.2017,Champion,jinx
7.15,08.08.2017,Champion,kayn
7.15,08.08.2017,Champion,lissandra
7.15,08.08.2017,Champion,lux
7.15,08.08.2017,Champion,nami
7.15,08.08.2017,Champion,nasus
7.15,08.08.2017,Champion,nautilus
7.15,08.08.2017,Champion,shyvana
7.15,08.08.2017,Champion,singed
7.15,08.08.2017,Champion,sivir
7.15,08.08.2017,Champion,twistedfate
7.15,08.08.2017,Champion,xerath
7.15,08.08.2017,Champion,zac
7.15,08.08.2017,Champion,ziggs
7.15,08.08.2017,Skins,fizz
7.15,08.08.2017,Skins,tristana
7.15,08.08.2017,Skins,twitch
7.15,08.08.2017,Skins,veigar
7.16,25.08.2017,Champion,caitlyn
7.16,25.08.2017,Champion,fiora
7.16,25.08.2017,Champion,kayn
7.16,25.08.2017,Champion,maokai
7.16,25.08.2017,Champion,sion
7.16,25.08.2017,Champion,vi
7.16,25.08.2017,Champion,aatrox
7.16,25.08.2017,Champion,jax
7.16,25.08.2017,Champion,jayce
7.16,25.08.2017,Champion,riven
7.16,25.08.2017,Champion,cassiopeia
7.16,25.08.2017,Champion,corki
7.16,25.08.2017,Champion,fizz
7.16,25.08.2017,Champion,galio
7.16,25.08.2017,Champion,leblanc
7.16,25.08.2017,Champion,orianna
7.16,25.08.2017,Champion,syndra
7.16,25.08.2017,Champion,taliyah
7.16,25.08.2017,Skins,ziggs
7.16,25.08.2017,Skins,brand
7.16,25.08.2017,Skins,malzahar
7.16,25.08.2017,Skins,kayle
7.16,25.08.2017,Skins,hecarim
7.16,25.08.2017,Skins,corki
7.16,25.08.2017,Skins,blitzcrank
7.17,09.01.2018,Champion,ornn
7.17,09.01.2018,Champion,draven
7.17,09.01.2018,Champion,ezreal
7.17,09.01.2018,Champion,hecarim
7.17,09.01.2018,Champion,leona
7.17,09.01.2018,Champion,maokai
7.17,09.01.2018,Champion,urgot
7.17,09.01.2018,Champion,zed
7.17,09.01.2018,Skins,ornn
7.17,09.01.2018,Skins,ahri
7.17,09.01.2018,Skins,ezreal
7.17,09.01.2018,Skins,missfortune
7.17,09.01.2018,Skins,soraka
7.17,09.01.2018,Skins,syndra
7.17,09.01.2018,Skins,sivir
7.18,26.09.2017,Champion,azir
7.18,26.09.2017,Champion,cassiopeia
7.18,26.09.2017,Champion,elise
7.18,26.09.2017,Champion,fiora
7.18,26.09.2017,Champion,gnar
7.18,26.09.2017,Champion,gragas
7.18,26.09.2017,Champion,ivern
7.18,26.09.2017,Champion,jarvaniv
7.18,26.09.2017,Champion,kalista
7.18,26.09.2017,Champion,leesin
7.18,26.09.2017,Champion,lucian
7.18,26.09.2017,Champion,nautilus
7.18,26.09.2017,Champion,nidalee
7.18,26.09.2017,Champion,ornn
7.18,26.09.2017,Champion,rakan
7.18,26.09.2017,Champion,rengar
7.18,26.09.2017,Champion,ryze
7.18,26.09.2017,Champion,tristana
7.18,26.09.2017,Champion,rumble
7.18,26.09.2017,Skins,ashe
7.18,26.09.2017,Skins,cassiopeia
7.18,26.09.2017,Skins,draven
7.19,08.10.2017,Champion,azir
7.19,08.10.2017,Champion,xinzhao
7.19,08.10.2017,Champion,aatrox
7.19,08.10.2017,Champion,caitlyn
7.19,08.10.2017,Champion,janna
7.19,08.10.2017,Champion,malphite
7.19,08.10.2017,Champion,orianna
7.19,08.10.2017,Champion,ornn
7.19,08.10.2017,Champion,vayne
7.19,08.10.2017,Champion,veigar
7.19,08.10.2017,Skins,yorick
7.19,08.10.2017,Skins,singed
7.19,08.10.2017,Skins,janna
7.19,08.10.2017,Skins,fiora
7.20,24.10.2017,Champion,evelynn
7.20,24.10.2017,Champion,brand
7.20,24.10.2017,Champion,graves
7.20,24.10.2017,Champion,karma
7.20,24.10.2017,Champion,ornn
7.20,24.10.2017,Champion,tahmkench
7.20,24.10.2017,Champion,azir
7.20,24.10.2017,Champion,taliyah
7.20,24.10.2017,Champion,janna
7.20,24.10.2017,Skins,elise
7.20,24.10.2017,Skins,nidalee
7.20,24.10.2017,Skins,annie
7.20,24.10.2017,Skins,gnar
7.20,24.10.2017,Skins,singed
7.21,27.11.2017,Champion,azir
7.21,27.11.2017,Champion,ekko
7.21,27.11.2017,Champion,evelynn
7.21,27.11.2017,Champion,galio
7.21,27.11.2017,Champion,gangplank
7.21,27.11.2017,Champion,rammus
7.21,27.11.2017,Champion,sejuani
7.21,27.11.2017,Champion,udyr
7.21,27.11.2017,Champion,urgot
7.21,27.11.2017,Champion,xinzhao
7.21,27.11.2017,Skins,katarina
7.21,27.11.2017,Skins,viktor
7.21,27.11.2017,Skins,zed
7.22,21.11.2017,Skins,rengar
7.22,21.11.2017,Skins,graves
7.22,21.11.2017,Skins,blitzcrank
7.22,21.11.2017,Skins,khazix
7.22,21.11.2017,Skins,aatrox
7.23,01.12.2017,Champion,zoe
7.23,01.12.2017,Champion,gragas
7.23,01.12.2017,Champion,illaoi
7.23,01.12.2017,Champion,jinx
7.23,01.12.2017,Champion,rammus
7.23,01.12.2017,Champion,shyvana
7.23,01.12.2017,Champion,taliyah
7.23,01.12.2017,Skins,zoe
7.23,01.12.2017,Skins,jhin
7.23,01.12.2017,Skins,vayne
7.23,01.12.2017,Skins,vi
7.24,09.01.2018,Champion,aurelionsol
7.24,09.01.2018,Champion,bard
7.24,09.01.2018,Champion,camille
7.24,09.01.2018,Champion,darius
7.24,09.01.2018,Champion,evelynn
7.24,09.01.2018,Champion,ezreal
7.24,09.01.2018,Champion,galio
7.24,09.01.2018,Champion,ivern
7.24,09.01.2018,Champion,jarvaniv
7.24,09.01.2018,Champion,karthus
7.24,09.01.2018,Champion,leona
7.24,09.01.2018,Champion,malzahar
7.24,09.01.2018,Champion,maokai
7.24,09.01.2018,Champion,morgana
7.24,09.01.2018,Champion,ornn
7.24,09.01.2018,Champion,riven
7.24,09.01.2018,Champion,shen
7.24,09.01.2018,Champion,sona
7.24,09.01.2018,Champion,taric
7.24,09.01.2018,Champion,xinzhao
7.24,09.01.2018,Champion,yorick
7.24,09.01.2018,Champion,zoe
7.24,09.01.2018,Champion,zyra
7.24,09.01.2018,Skins,jinx
7.24,09.01.2018,Skins,draven
7.24,09.01.2018,Skins,poppy
7.24,09.01.2018,Skins,kogmaw
7.24b,08.01.2018,Champion,aatrox
7.24b,08.01.2018,Champion,jayce
7.24b,08.01.2018,Champion,kayn
7.24b,08.01.2018,Champion,kled
7.24b,08.01.2018,Champion,renekton
7.24b,08.01.2018,Champion,teemo
7.24b,08.01.2018,Champion,yasuo
7.24b,08.01.2018,Champion,azir
7.24b,08.01.2018,Champion,cassiopeia
7.24b,08.01.2018,Champion,corki
7.24b,08.01.2018,Champion,katarina
7.24b,08.01.2018,Champion,zoe
7.24b,08.01.2018,Champion,ezreal
7.24b,08.01.2018,Champion,leona
7.24b,08.01.2018,Champion,missfortune
7.24b,08.01.2018,Champion,rammus
8.1,11.01.2018,Champion,brand
8.1,11.01.2018,Champion,evelynn
8.1,11.01.2018,Champion,graves
8.1,11.01.2018,Champion,heimerdinger
8.1,11.01.2018,Champion,kayle
8.1,11.01.2018,Champion,skarner
8.1,11.01.2018,Champion,syndra
8.1,11.01.2018,Champion,zoe
8.1,11.01.2018,Skins,jax
8.2,26.01.2018,Champion,ekko
8.2,26.01.2018,Champion,evelynn
8.2,26.01.2018,Champion,ezreal
8.2,26.01.2018,Champion,jinx
8.2,26.01.2018,Champion,khazix
8.2,26.01.2018,Champion,malzahar
8.2,26.01.2018,Champion,nunu
8.2,26.01.2018,Champion,ornn
8.2,26.01.2018,Champion,pantheon
8.2,26.01.2018,Champion,sona
8.2,26.01.2018,Champion,vayne
8.2,26.01.2018,Skins,gragas
8.3,20.02.2018,Champion,swain
8.3,20.02.2018,Champion,azir
8.3,20.02.2018,Champion,jarvaniv
8.3,20.02.2018,Champion,jhin
8.3,20.02.2018,Champion,katarina
8.3,20.02.2018,Champion,kogmaw
8.3,20.02.2018,Champion,lucian
8.3,20.02.2018,Champion,masteryi
8.3,20.02.2018,Champion,ryze
8.3,20.02.2018,Champion,sejuani
8.3,20.02.2018,Champion,tryndamere
8.3,20.02.2018,Champion,viktor
8.3,20.02.2018,Champion,zoe
8.3,20.02.2018,Skins,nasus
8.3,20.02.2018,Skins,warwick
8.3,20.02.2018,Skins,lux
8.3,20.02.2018,Skins,rakan
8.4,15.08.2018,Champion,evelynn
8.4,15.08.2018,Champion,fiddlesticks
8.4,15.08.2018,Champion,kalista
8.4,15.08.2018,Champion,kogmaw
8.4,15.08.2018,Champion,rengar
8.4,15.08.2018,Champion,shyvana
8.4,15.08.2018,Champion,swain
8.4,15.08.2018,Champion,talon
8.4,15.08.2018,Champion,tristana
8.4,15.08.2018,Champion,twitch
8.4,15.08.2018,Champion,volibear
8.4,15.08.2018,Champion,xinzhao
8.4,15.08.2018,Champion,zed
8.4,15.08.2018,Champion,zoe
8.4,15.08.2018,Champion,darius
8.4,15.08.2018,Champion,gangplank
8.4,15.08.2018,Champion,gnar
8.4,15.08.2018,Champion,ornn
8.4,15.08.2018,Champion,poppy
8.4,15.08.2018,Champion,renekton
8.4,15.08.2018,Champion,jax
8.4,15.08.2018,Skins,jarvaniv
8.4,15.08.2018,Skins,swain
8.5,10.04.2018,Champion,kaisa
8.5,10.04.2018,Champion,azir
8.5,10.04.2018,Champion,galio
8.5,10.04.2018,Champion,jhin
8.5,10.04.2018,Champion,nocturne
8.5,10.04.2018,Champion,olaf
8.5,10.04.2018,Champion,rengar
8.5,10.04.2018,Champion,ryze
8.5,10.04.2018,Champion,shyvana
8.5,10.04.2018,Champion,skarner
8.5,10.04.2018,Champion,swain
8.5,10.04.2018,Champion,tristana
8.5,10.04.2018,Champion,twitch
8.5,10.04.2018,Champion,volibear
8.5,10.04.2018,Champion,zoe
8.5,10.04.2018,Champion,sion
8.5,10.04.2018,Skins,kaisa
8.5,10.04.2018,Skins,illaoi
8.6,17.04.2018,Champion,kaisa
8.6,17.04.2018,Champion,leesin
8.6,17.04.2018,Champion,lucian
8.6,17.04.2018,Champion,quinn
8.6,17.04.2018,Champion,rakan
8.6,17.04.2018,Champion,xayah
8.6,17.04.2018,Champion,graves
8.6,17.04.2018,Champion,kayn
8.6,17.04.2018,Champion,khazix
8.6,17.04.2018,Champion,missfortune
8.6,17.04.2018,Champion,nocturne
8.6,17.04.2018,Champion,rengar
8.6,17.04.2018,Champion,shaco
8.6,17.04.2018,Champion,talon
8.6,17.04.2018,Champion,wukong
8.6,17.04.2018,Champion,zed
8.6,17.04.2018,Skins,missfortune
8.6,17.04.2018,Skins,alistar
8.6,17.04.2018,Skins,sivir
8.6,17.04.2018,Skins,draven
8.7,10.04.2018,Champion,irelia
8.7,10.04.2018,Champion,gragas
8.7,10.04.2018,Champion,elise
8.7,10.04.2018,Champion,hecarim
8.7,10.04.2018,Champion,ivern
8.7,10.04.2018,Champion,karthus
8.7,10.04.2018,Champion,kayn
8.7,10.04.2018,Champion,leona
8.7,10.04.2018,Champion,lux
8.7,10.04.2018,Champion,malphite
8.7,10.04.2018,Champion,nocturne
8.7,10.04.2018,Champion,olaf
8.7,10.04.2018,Champion,quinn
8.7,10.04.2018,Champion,rengar
8.7,10.04.2018,Champion,rumble
8.7,10.04.2018,Champion,sejuani
8.7,10.04.2018,Champion,shaco
8.7,10.04.2018,Champion,swain
8.7,10.04.2018,Champion,warwick
8.7,10.04.2018,Champion,zed
8.7,10.04.2018,Skins,rumble
8.7,10.04.2018,Skins,wukong
8.8,28.04.2018,Champion,leblanc
8.8,28.04.2018,Champion,ahri
8.8,28.04.2018,Champion,irelia
8.8,28.04.2018,Champion,azir
8.8,28.04.2018,Champion,braum
8.8,28.04.2018,Champion,galio
8.8,28.04.2018,Champion,graves
8.8,28.04.2018,Champion,janna
8.8,28.04.2018,Champion,kaisa
8.8,28.04.2018,Champion,lissandra
8.8,28.04.2018,Champion,nautilus
8.8,28.04.2018,Champion,ryze
8.8,28.04.2018,Champion,sion
8.8,28.04.2018,Champion,tahmkench
8.8,28.04.2018,Champion,taliyah
8.8,28.04.2018,Champion,varus
8.8,28.04.2018,Champion,vi
8.8,28.04.2018,Champion,xayah
8.8,28.04.2018,Champion,reksai
8.8,28.04.2018,Champion,swain
8.8,28.04.2018,Skins,varus
8.9,09.05.2018,Champion,amumu
8.9,09.05.2018,Champion,caitlyn
8.9,09.05.2018,Champion,drmundo
8.9,09.05.2018,Champion,garen
8.9,09.05.2018,Champion,irelia
8.9,09.05.2018,Champion,ivern
8.9,09.05.2018,Champion,kaisa
8.9,09.05.2018,Champion,kassadin
8.9,09.05.2018,Champion,kennen
8.9,09.05.2018,Champion,leona
8.9,09.05.2018,Champion,lux
8.9,09.05.2018,Champion,rammus
8.9,09.05.2018,Champion,poppy
8.9,09.05.2018,Champion,shyvana
8.9,09.05.2018,Champion,sona
8.9,09.05.2018,Champion,syndra
8.9,09.05.2018,Champion,talon
8.9,09.05.2018,Champion,warwick
8.9,09.05.2018,Champion,ziggs
8.9,09.05.2018,Skins,evelynn
8.9,09.05.2018,Skins,teemo
8.10,30.05.2018,Champion,sion
8.10,30.05.2018,Champion,drmundo
8.10,30.05.2018,Champion,poppy
8.10,30.05.2018,Champion,zac
8.10,30.05.2018,Champion,bard
8.10,30.05.2018,Champion,kindred
8.10,30.05.2018,Skins,riven
8.10,30.05.2018,Skins,twistedfate
8.10,30.05.2018,Skins,shen
8.11,19.06.2018,Champion,pyke
8.11,19.06.2018,Champion,anivia
8.11,19.06.2018,Champion,graves
8.11,19.06.2018,Champion,khazix
8.11,19.06.2018,Champion,kindred
8.11,19.06.2018,Champion,leblanc
8.11,19.06.2018,Champion,leesin
8.11,19.06.2018,Champion,rakan
8.11,19.06.2018,Champion,taliyah
8.11,19.06.2018,Champion,urgot
8.11,19.06.2018,Champion,viktor
8.11,19.06.2018,Champion,xinzhao
8.11,19.06.2018,Champion,zyra
8.11,19.06.2018,Skins,pyke
8.11,19.06.2018,Skins,diana
8.11,19.06.2018,Skins,vladimir
8.12,29.06.2018,Champion,elise
8.12,29.06.2018,Champion,ezreal
8.12,29.06.2018,Champion,kindred
8.12,29.06.2018,Champion,leesin
8.12,29.06.2018,Champion,poppy
8.12,29.06.2018,Champion,rumble
8.12,29.06.2018,Champion,sejuani
8.12,29.06.2018,Champion,taliyah
8.12,29.06.2018,Champion,yorick
8.12,29.06.2018,Champion,jhin
8.12,29.06.2018,Skins,leesin
8.12,29.06.2018,Skins,rammus
8.13,05.07.2018,Champion,aatrox
8.13,05.07.2018,Champion,irelia
8.13,05.07.2018,Champion,kindred
8.13,05.07.2018,Champion,lucian
8.13,05.07.2018,Champion,pyke
8.13,05.07.2018,Champion,gragas
8.13,05.07.2018,Champion,jarvaniv
8.13,05.07.2018,Champion,jinx
8.13,05.07.2018,Champion,kalista
8.13,05.07.2018,Champion,kassadin
8.13,05.07.2018,Champion,orianna
8.13,05.07.2018,Champion,riven
8.13,05.07.2018,Champion,tristana
8.13,05.07.2018,Champion,tryndamere
8.13,05.07.2018,Champion,twitch
8.13,05.07.2018,Champion,camille
8.13,05.07.2018,Champion,drmundo
8.13,05.07.2018,Champion,masteryi
8.13,05.07.2018,Champion,nunu
8.13,05.07.2018,Champion,ornn
8.13,05.07.2018,Champion,singed
8.13,05.07.2018,Champion,taric
8.13,05.07.2018,Champion,vladimir
8.13,05.07.2018,Champion,zoe
8.13,05.07.2018,Skins,aatrox
8.13,05.07.2018,Skins,darius
8.13,05.07.2018,Skins,garen
8.14,25.07.2018,Champion,aatrox
8.14,25.07.2018,Champion,fizz
8.14,25.07.2018,Champion,jinx
8.14,25.07.2018,Champion,karma
8.14,25.07.2018,Champion,sion
8.14,25.07.2018,Champion,twitch
8.14,25.07.2018,Champion,ahri
8.14,25.07.2018,Champion,cassiopeia
8.14,25.07.2018,Champion,corki
8.14,25.07.2018,Champion,elise
8.14,25.07.2018,Champion,nasus
8.14,25.07.2018,Champion,pantheon
8.14,25.07.2018,Champion,reksai
8.14,25.07.2018,Champion,sivir
8.14,25.07.2018,Champion,velkoz
8.14,25.07.2018,Champion,vayne
8.14,25.07.2018,Champion,vi
8.14,25.07.2018,Champion,viktor
8.14,25.07.2018,Champion,drmundo
8.14,25.07.2018,Champion,rakan
8.14,25.07.2018,Champion,sejuani
8.14,25.07.2018,Champion,shen
8.14,25.07.2018,Champion,swain
8.14,25.07.2018,Champion,talon
8.14,25.07.2018,Champion,wukong
8.14,25.07.2018,Champion,zoe
8.14,25.07.2018,Skins,chogath
8.14,25.07.2018,Skins,poppy
8.14,25.07.2018,Skins,jarvaniv
8.14,25.07.2018,Skins,ezreal
8.14,25.07.2018,Skins,gnar
8.14,25.07.2018,Skins,rakan
8.14,25.07.2018,Skins,taliyah
8.14,25.07.2018,Skins,xayah
8.15,06.08.2018,Champion,akali
8.15,06.08.2018,Champion,fiddlesticks
8.15,06.08.2018,Champion,fizz
8.15,06.08.2018,Champion,irelia
8.15,06.08.2018,Champion,kindred
8.15,06.08.2018,Champion,leesin
8.15,06.08.2018,Champion,morgana
8.15,06.08.2018,Champion,olaf
8.15,06.08.2018,Champion,quinn
8.15,06.08.2018,Champion,syndra
8.15,06.08.2018,Champion,thresh
8.15,06.08.2018,Skins,akali
8.15,06.08.2018,Skins,zoe
8.15,06.08.2018,Skins,caitlyn
8.15,06.08.2018,Skins,gangplank
8.15,06.08.2018,Skins,reksai
8.15,06.08.2018,Skins,taric
8.16,28.08.2018,Champion,aatrox
8.16,28.08.2018,Champion,fizz
8.16,28.08.2018,Champion,hecarim
8.16,28.08.2018,Champion,orianna
8.16,28.08.2018,Champion,quinn
8.16,28.08.2018,Champion,rakan
8.16,28.08.2018,Champion,taliyah
8.16,28.08.2018,Champion,trundle
8.16,28.08.2018,Champion,tryndamere
8.16,28.08.2018,Champion,wukong
8.16,28.08.2018,Champion,zoe
8.16,28.08.2018,Champion,amumu
8.16,28.08.2018,Champion,leona
8.16,28.08.2018,Champion,nautilus
8.16,28.08.2018,Champion,rammus
8.16,28.08.2018,Champion,sion
8.16,28.08.2018,Champion,tahmkench
8.16,28.08.2018,Skins,aurelionsol
8.16,28.08.2018,Skins,braum
8.16,28.08.2018,Skins,lulu
8.16,28.08.2018,Skins,xinzhao
8.16,28.08.2018,Skins,ashe
8.17,06.09.2018,Champion,annie
8.17,06.09.2018,Champion,bard
8.17,06.09.2018,Champion,fiora
8.17,06.09.2018,Champion,garen
8.17,06.09.2018,Champion,irelia
8.17,06.09.2018,Champion,kassadin
8.17,06.09.2018,Champion,kayn
8.17,06.09.2018,Champion,masteryi
8.17,06.09.2018,Champion,rengar
8.17,06.09.2018,Champion,varus
8.17,06.09.2018,Champion,wukong
8.17,06.09.2018,Champion,yorick
8.17,06.09.2018,Champion,taric
8.17,06.09.2018,Skins,urgot
8.17,06.09.2018,Skins,thresh
8.17,06.09.2018,Skins,lucian
8.17,06.09.2018,Skins,irelia
8.17,06.09.2018,Skins,talon
8.17,06.09.2018,Skins,leesin
8.18,22.09.2018,Champion,aatrox
8.18,22.09.2018,Champion,akali
8.18,22.09.2018,Champion,braum
8.18,22.09.2018,Champion,kaisa
8.18,22.09.2018,Champion,lucian
8.18,22.09.2018,Champion,renekton
8.18,22.09.2018,Champion,ryze
8.18,22.09.2018,Champion,sejuani
8.18,22.09.2018,Champion,trundle
8.18,22.09.2018,Champion,vayne
8.18,22.09.2018,Champion,viktor
8.18,22.09.2018,Skins,kayn
8.18,22.09.2018,Skins,yasuo
8.18,22.09.2018,Skins,jinx
8.18,22.09.2018,Skins,sona
8.18,22.09.2018,Skins,malphite
8.18,22.09.2018,Skins,ziggs
8.19,18.10.2018,Champion,darius
8.19,18.10.2018,Champion,fiora
8.19,18.10.2018,Champion,khazix
8.19,18.10.2018,Champion,elise
8.19,18.10.2018,Champion,jarvaniv
8.19,18.10.2018,Champion,janna
8.19,18.10.2018,Champion,thresh
8.19,18.10.2018,Champion,pyke
8.19,18.10.2018,Champion,tahmkench
8.19,18.10.2018,Champion,kogmaw
8.19,18.10.2018,Skins,khazix
8.19,18.10.2018,Skins,riven
8.19,18.10.2018,Skins,thresh
8.19,18.10.2018,Skins,shyvana
8.19,18.10.2018,Skins,kalista
8.19,18.10.2018,Skins,zed
8.20,18.10.2018,Champion,ezreal
8.20,18.10.2018,Champion,ahri
8.20,18.10.2018,Champion,evelynn
8.20,18.10.2018,Champion,graves
8.20,18.10.2018,Champion,jhin
8.20,18.10.2018,Champion,nami
8.20,18.10.2018,Champion,sion
8.20,18.10.2018,Skins,heimerdinger
8.20,18.10.2018,Skins,amumu
8.20,18.10.2018,Skins,malzahar
8.20,18.10.2018,Skins,tristana
8.20,18.10.2018,Skins,lulu
8.21,29.10.2018,Champion,alistar
8.21,29.10.2018,Champion,ashe
8.21,29.10.2018,Champion,aurelionsol
8.21,29.10.2018,Champion,draven
8.21,29.10.2018,Champion,ezreal
8.21,29.10.2018,Champion,irelia
8.21,29.10.2018,Champion,ivern
8.21,29.10.2018,Champion,kaisa
8.21,29.10.2018,Champion,karma
8.21,29.10.2018,Champion,karthus
8.21,29.10.2018,Champion,zac
8.21,29.10.2018,Champion,zoe
8.21,29.10.2018,Skins,janna
8.21,29.10.2018,Skins,kled
8.21,29.10.2018,Skins,ekko
8.21,29.10.2018,Skins,ahri
8.21,29.10.2018,Skins,akali
8.21,29.10.2018,Skins,kaisa
8.21,29.10.2018,Skins,evelynn
8.22,19.11.2018,Champion,akali
8.22,19.11.2018,Champion,fiora
8.22,19.11.2018,Champion,jhin
8.22,19.11.2018,Champion,leblanc
8.22,19.11.2018,Champion,maokai
8.22,19.11.2018,Champion,pyke
8.22,19.11.2018,Champion,trundle
8.22,19.11.2018,Champion,viktor
8.22,19.11.2018,Skins,nami
8.22,19.11.2018,Skins,leblanc
8.22,19.11.2018,Skins,fiddlesticks
8.22,19.11.2018,Skins,graves
8.22,19.11.2018,Skins,orianna
8.23,29.11.2018,Champion,aatrox
8.23,29.11.2018,Champion,ezreal
8.23,29.11.2018,Champion,lissandra
8.23,29.11.2018,Champion,taliyah
8.23,29.11.2018,Champion,yorick
8.23,29.11.2018,Skins,leona
8.23,29.11.2018,Skins,camille
8.23,29.11.2018,Skins,lissandra
8.23,29.11.2018,Skins,missfortune
8.23,29.11.2018,Skins,soraka
8.23,29.11.2018,Skins,ezreal
8.23,29.11.2018,Skins,lulu
8.23,29.11.2018,Skins,lux
8.24,13.12.2018,Champion,neeko
8.24,13.12.2018,Champion,aatrox
8.24,13.12.2018,Champion,akali
8.24,13.12.2018,Champion,camille
8.24,13.12.2018,Champion,galio
8.24,13.12.2018,Champion,heimerdinger
8.24,13.12.2018,Champion,illaoi
8.24,13.12.2018,Champion,irelia
8.24,13.12.2018,Champion,jax
8.24,13.12.2018,Champion,leblanc
8.24,13.12.2018,Champion,viktor
8.24,13.12.2018,Skins,neeko
8.24,13.12.2018,Skins,twitch
8.24,13.12.2018,Skins,drmundo
8.24,13.12.2018,Skins,soraka
8.24,13.12.2018,Skins,renekton
8.24,13.12.2018,Skins,akali
8.24,13.12.2018,Skins,graves
8.24,13.12.2018,Skins,malzahar
8.24,13.12.2018,Skins,sivir
8.24,13.12.2018,Skins,bard
8.24,13.12.2018,Skins,irelia
8.24b,08.01.2019,Champion,caitlyn
8.24b,08.01.2019,Champion,corki
8.24b,08.01.2019,Champion,singed
8.24b,08.01.2019,Champion,tristana
8.24b,08.01.2019,Champion,varus
8.24b,08.01.2019,Champion,warwick
8.24b,08.01.2019,Champion,alistar
8.24b,08.01.2019,Champion,cassiopeia
8.24b,08.01.2019,Champion,kassadin
8.24b,08.01.2019,Champion,neeko
8.24b,08.01.2019,Champion,akali
8.24b,08.01.2019,Champion,pyke
9.1,19.01.2019,Champion,ashe
9.1,19.01.2019,Champion,jinx
9.1,19.01.2019,Champion,jayce
9.1,19.01.2019,Champion,katarina
9.1,19.01.2019,Champion,nasus
9.1,19.01.2019,Champion,sivir
9.1,19.01.2019,Champion,vayne
9.1,19.01.2019,Champion,xayah
9.1,19.01.2019,Champion,zyra
9.1,19.01.2019,Champion,kalista
9.1,19.01.2019,Champion,ornn
9.1,19.01.2019,Champion,sejuani
9.1,19.01.2019,Skins,pyke
9.1,19.01.2019,Skins,sivir
9.1,19.01.2019,Skins,aatrox
9.2,31.01.2019,Champion,sylas
9.2,31.01.2019,Champion,aatrox
9.2,31.01.2019,Champion,aurelionsol
9.2,31.01.2019,Champion,brand
9.2,31.01.2019,Champion,cassiopeia
9.2,31.01.2019,Champion,galio
9.2,31.01.2019,Champion,irelia
9.2,31.01.2019,Champion,jarvaniv
9.2,31.01.2019,Champion,jax
9.2,31.01.2019,Champion,kassadin
9.2,31.01.2019,Champion,kayn
9.2,31.01.2019,Champion,neeko
9.2,31.01.2019,Champion,ornn
9.2,31.01.2019,Champion,rakan
9.2,31.01.2019,Champion,shyvana
9.2,31.01.2019,Champion,tahmkench
9.2,31.01.2019,Champion,urgot
9.2,31.01.2019,Champion,vi
9.2,31.01.2019,Champion,volibear
9.2,31.01.2019,Champion,yorick
9.2,31.01.2019,Champion,zyra
9.2,31.01.2019,Champion,evelynn
9.2,31.01.2019,Champion,kled
9.2,31.01.2019,Skins,sylas
9.2,31.01.2019,Skins,vayne
9.2,31.01.2019,Skins,sejuani
9.2,31.01.2019,Skins,tahmkench
9.2,31.01.2019,Skins,warwick
9.2,31.01.2019,Skins,xinzhao
9.2,31.01.2019,Skins,jarvaniv
9.3,17.02.2019,Champion,aatrox
9.3,17.02.2019,Champion,akali
9.3,17.02.2019,Champion,camille
9.3,17.02.2019,Champion,cassiopeia
9.3,17.02.2019,Champion,irelia
9.3,17.02.2019,Champion,lissandra
9.3,17.02.2019,Champion,sion
9.3,17.02.2019,Champion,zyra
9.3,17.02.2019,Skins,fiora
9.3,17.02.2019,Skins,vi
9.4,05.03.2019,Champion,karthus
9.4,05.03.2019,Champion,lucian
9.4,05.03.2019,Champion,reksai
9.4,05.03.2019,Champion,sylas
9.4,05.03.2019,Champion,thresh
9.4,05.03.2019,Champion,urgot
9.4,05.03.2019,Champion,yasuo
9.4,05.03.2019,Champion,zed
9.4,05.03.2019,Champion,azir
9.4,05.03.2019,Champion,gnar
9.4,05.03.2019,Champion,hecarim
9.4,05.03.2019,Champion,rengar
9.4,05.03.2019,Champion,sivir
9.4,05.03.2019,Champion,varus
9.4,05.03.2019,Champion,kaisa
9.4,05.03.2019,Champion,tryndamere
9.4,05.03.2019,Champion,trundle
9.4,05.03.2019,Skins,anivia
9.4,05.03.2019,Skins,nunu
9.5,11.03.2019,Champion,kayle
9.5,11.03.2019,Champion,akali
9.5,11.03.2019,Champion,neeko
9.5,11.03.2019,Champion,rakan
9.5,11.03.2019,Champion,skarner
9.5,11.03.2019,Champion,vi
9.5,11.03.2019,Champion,chogath
9.5,11.03.2019,Champion,drmundo
9.5,11.03.2019,Champion,gangplank
9.5,11.03.2019,Champion,graves
9.5,11.03.2019,Champion,jhin
9.5,11.03.2019,Champion,tryndamere
9.5,11.03.2019,Champion,sylas
9.5,11.03.2019,Champion,yorick
9.5,11.03.2019,Champion,reksai
9.5,11.03.2019,Skins,ahri
9.5,11.03.2019,Skins,brand
9.5,11.03.2019,Skins,morgana
9.5,11.03.2019,Skins,kayle
9.6,21.03.2019,Champion,kayle
9.6,21.03.2019,Champion,neeko
9.6,21.03.2019,Champion,ornn
9.6,21.03.2019,Champion,urgot
9.6,21.03.2019,Champion,aatrox
9.6,21.03.2019,Champion,caitlyn
9.6,21.03.2019,Champion,gnar
9.6,21.03.2019,Champion,hecarim
9.6,21.03.2019,Champion,ivern
9.6,21.03.2019,Champion,jayce
9.6,21.03.2019,Champion,leblanc
9.6,21.03.2019,Champion,nautilus
9.6,21.03.2019,Champion,reksai
9.6,21.03.2019,Champion,shen
9.6,21.03.2019,Champion,sylas
9.6,21.03.2019,Champion,trundle
9.6,21.03.2019,Champion,xayah
9.6,21.03.2019,Champion,zoe
9.6,21.03.2019,Skins,corki
9.6,21.03.2019,Skins,fizz
9.6,21.03.2019,Skins,rengar
9.6,21.03.2019,Skins,yorick
9.7,18.04.2019,Champion,kayle
9.7,18.04.2019,Champion,urgot
9.7,18.04.2019,Champion,azir
9.7,18.04.2019,Champion,chogath
9.7,18.04.2019,Champion,drmundo
9.7,18.04.2019,Champion,garen
9.7,18.04.2019,Champion,leona
9.7,18.04.2019,Champion,lissandra
9.7,18.04.2019,Champion,morgana
9.7,18.04.2019,Champion,pyke
9.7,18.04.2019,Champion,rumble
9.7,18.04.2019,Champion,sylas
9.7,18.04.2019,Skins,ivern
9.7,18.04.2019,Skins,jarvaniv
9.8,25.04.2019,Champion,amumu
9.8,25.04.2019,Champion,camille
9.8,25.04.2019,Champion,cassiopeia
9.8,25.04.2019,Champion,fiora
9.8,25.04.2019,Champion,gnar
9.8,25.04.2019,Champion,jhin
9.8,25.04.2019,Champion,kayle
9.8,25.04.2019,Champion,kayn
9.8,25.04.2019,Champion,masteryi
9.8,25.04.2019,Champion,nautilus
9.8,25.04.2019,Champion,ornn
9.8,25.04.2019,Champion,renekton
9.8,25.04.2019,Champion,sejuani
9.8,25.04.2019,Champion,singed
9.8,25.04.2019,Champion,trundle
9.8,25.04.2019,Champion,zed
9.8,25.04.2019,Skins,zed
9.8,25.04.2019,Skins,evelynn
9.8,25.04.2019,Skins,camille
9.8,25.04.2019,Skins,fiora
9.8,25.04.2019,Skins,irelia
9.8,25.04.2019,Skins,kaisa
9.8,25.04.2019,Skins,rakan
9.8,25.04.2019,Skins,leblanc
9.9,05.05.2019,Champion,aatrox
9.9,05.05.2019,Champion,blitzcrank
9.9,05.05.2019,Champion,rakan
9.9,05.05.2019,Champion,soraka
9.9,05.05.2019,Champion,tahmkench
9.9,05.05.2019,Champion,akali
9.9,05.05.2019,Champion,darius
9.9,05.05.2019,Champion,ekko
9.9,05.05.2019,Champion,hecarim
9.9,05.05.2019,Champion,jarvaniv
9.9,05.05.2019,Champion,kennen
9.9,05.05.2019,Champion,kindred
9.9,05.05.2019,Champion,lissandra
9.9,05.05.2019,Champion,maokai
9.9,05.05.2019,Champion,morgana
9.9,05.05.2019,Champion,reksai
9.9,05.05.2019,Champion,shaco
9.9,05.05.2019,Champion,shen
9.9,05.05.2019,Champion,sylas
9.9,05.05.2019,Champion,volibear
9.9,05.05.2019,Skins,alistar
9.9,05.05.2019,Skins,varus
9.9,05.05.2019,Skins,karma
9.9,05.05.2019,Skins,nidalee
9.9,05.05.2019,Skins,ahri
